Frame,Keypoint,X,Y,Confidence
1,Nose,171.15176391601562,233.7380523681641,0.9978838562965392
1,Left Eye,190.5460662841797,224.15313720703125,0.9981548190116882
1,Right Eye,159.89077758789062,223.95779418945312,0.993729829788208
1,Left Ear,227.4390869140625,237.23614501953125,0.9868842363357544
1,Right Ear,147.33953857421875,231.68577575683597,0.5840307474136353
1,Left Shoulder,254.50735473632807,289.61297607421875,0.9750656485557556
1,Right Shoulder,112.09854888916016,283.09161376953125,0.9687533974647522
1,Left Elbow,271.4095153808594,350.95770263671875,0.9510567784309388
1,Right Elbow,68.90304565429688,348.3947448730469,0.9329845905303956
1,Left Wrist,299.62677001953125,380.4622497558594,0.9485463500022888
1,Right Wrist,115.68901824951172,384.9857177734375,0.9356457591056824
1,Left Hip,221.47496032714844,390.360107421875,0.9743422269821168
1,Right Hip,131.49465942382812,391.2638549804688,0.9714818596839904
1,Left Knee,326.8763427734375,418.39404296875,0.9626932740211488
1,Right Knee,126.52743530273438,432.4861450195313,0.9599668383598328
1,Left Ankle,256.8199462890625,517.84814453125,0.9093600511550904
1,Right Ankle,191.09796142578125,525.2830810546875,0.9060066938400269
2,Nose,171.76441955566406,233.641845703125,0.997992753982544
2,Left Eye,191.06198120117188,223.9698486328125,0.9982293248176576
2,Right Eye,160.22589111328125,223.7899475097656,0.994101107120514
2,Left Ear,227.1353454589844,236.943603515625,0.9867830276489258
2,Right Ear,147.35205078125,231.5748291015625,0.5949811339378357
2,Left Shoulder,254.50732421875,289.73291015625,0.975322127342224
2,Right Shoulder,111.40178680419922,283.4619140625,0.9692849516868592
2,Left Elbow,272.0854187011719,351.2734375,0.9509214758872986
2,Right Elbow,69.24597930908203,348.38848876953125,0.9336434602737428
2,Left Wrist,300.44903564453125,381.7276611328125,0.9482221007347108
2,Right Wrist,116.50104522705078,385.1560668945313,0.936000108718872
2,Left Hip,222.811279296875,390.4967651367188,0.9743524193763732
2,Right Hip,132.65213012695312,391.4387512207031,0.9715955257415771
2,Left Knee,327.2259826660156,418.43841552734375,0.9626883268356324
2,Right Knee,126.0142822265625,431.8100280761719,0.9600982666015624
2,Left Ankle,256.288330078125,518.149658203125,0.909696400165558
2,Right Ankle,191.2678680419922,524.861572265625,0.9065794944763184
3,Nose,171.95590209960938,233.7445068359375,0.9980194568634032
3,Left Eye,191.34393310546875,223.9573974609375,0.9982725381851196
3,Right Eye,160.30636596679688,223.83676147460935,0.9941787719726562
3,Left Ear,227.61163330078125,236.8218536376953,0.9870434403419496
3,Right Ear,147.32440185546875,231.41998291015625,0.5944390892982483
3,Left Shoulder,254.6771545410156,289.5539855957031,0.9752954840660096
3,Right Shoulder,111.69459533691406,283.32891845703125,0.9692938327789308
3,Left Elbow,272.1559143066406,351.2124938964844,0.9508844017982484
3,Right Elbow,69.28495025634766,348.64801025390625,0.933748722076416
3,Left Wrist,300.7872009277344,381.9856262207031,0.948186218738556
3,Right Wrist,116.3482437133789,385.1408081054688,0.936090052127838
3,Left Hip,222.64602661132807,390.3865356445313,0.9743613600730896
3,Right Hip,132.5108642578125,391.3601379394531,0.9716221690177916
3,Left Knee,327.3741149902344,418.0977783203125,0.9627323746681212
3,Right Knee,126.16724395751952,432.0460815429688,0.960179567337036
3,Left Ankle,256.5512390136719,517.559326171875,0.9099875092506408
3,Right Ankle,191.4688873291016,524.4844970703125,0.9068943858146667
4,Nose,171.51600646972656,233.86257934570312,0.997998058795929
4,Left Eye,190.8767242431641,224.2440185546875,0.9982580542564392
4,Right Eye,160.06207275390625,223.92218017578125,0.9940930008888244
4,Left Ear,227.22088623046875,236.9342498779297,0.986972153186798
4,Right Ear,147.2230224609375,231.16970825195312,0.5914286971092224
4,Left Shoulder,254.43792724609372,289.50860595703125,0.9752988815307616
4,Right Shoulder,111.94239807128906,283.3531799316406,0.9693174362182616
4,Left Elbow,271.8857421875,351.0841064453125,0.9509947896003724
4,Right Elbow,69.13192749023438,348.7909545898437,0.9337834119796752
4,Left Wrist,300.12713623046875,381.3768615722656,0.9483044147491456
4,Right Wrist,116.61476135253906,385.5144348144531,0.936090052127838
4,Left Hip,222.84063720703125,390.3223876953125,0.9744175672531128
4,Right Hip,132.89276123046875,391.2083740234375,0.9716898202896118
4,Left Knee,327.1131591796875,418.5200500488281,0.9628245830535888
4,Right Knee,125.8457260131836,431.5887451171875,0.9602370858192444
4,Left Ankle,256.32183837890625,517.8139038085938,0.9100689888000488
4,Right Ankle,190.74888610839844,524.15380859375,0.9069871306419371
5,Nose,171.53591918945312,233.80963134765625,0.997979462146759
5,Left Eye,190.87075805664065,224.20382690429688,0.9982122182846068
5,Right Eye,160.00059509277344,223.91741943359372,0.9940856695175172
5,Left Ear,227.00894165039065,236.9351806640625,0.986491322517395
5,Right Ear,147.12164306640625,231.34176635742188,0.5945693850517273
5,Left Shoulder,254.26742553710935,289.6264038085937,0.9752857089042664
5,Right Shoulder,111.31541442871094,283.5217590332031,0.9693353772163392
5,Left Elbow,271.9799194335937,350.99176025390625,0.9508965611457824
5,Right Elbow,68.54507446289062,348.7148132324219,0.9338299036026
5,Left Wrist,300.4314880371094,381.4159240722656,0.9481693506240844
5,Right Wrist,116.39834594726562,385.4322814941406,0.9361307621002196
5,Left Hip,223.11575317382807,390.21588134765625,0.974482238292694
5,Right Hip,133.13467407226562,391.3298950195313,0.9717796444892884
5,Left Knee,327.2965087890625,418.7950744628906,0.9627172350883484
5,Right Knee,126.6774673461914,433.114990234375,0.9601784944534302
5,Left Ankle,256.27276611328125,517.7037353515625,0.9095808863639832
5,Right Ankle,190.8947906494141,524.4659423828125,0.9064971804618835
6,Nose,171.3128662109375,233.5874786376953,0.997853934764862
6,Left Eye,190.67599487304688,224.152099609375,0.9981155395507812
6,Right Eye,159.9976806640625,223.7167205810547,0.9935907125473022
6,Left Ear,226.8964691162109,237.0317230224609,0.9864727258682252
6,Right Ear,147.124267578125,230.84548950195312,0.5900120735168457
6,Left Shoulder,254.27337646484372,289.59527587890625,0.9751474857330322
6,Right Shoulder,111.4452667236328,283.4234619140625,0.969135046005249
6,Left Elbow,272.2847595214844,351.199951171875,0.9507407546043396
6,Right Elbow,68.70882415771484,348.7601318359375,0.933438241481781
6,Left Wrist,301.1423034667969,382.3310546875,0.948038935661316
6,Right Wrist,116.20751953125,385.4168090820313,0.9357674717903136
6,Left Hip,222.78054809570312,390.27349853515625,0.974284291267395
6,Right Hip,132.71163940429688,391.0465087890625,0.9715474843978882
6,Left Knee,327.13836669921875,418.38568115234375,0.9629082083702089
6,Right Knee,125.5960693359375,429.97308349609375,0.9603447914123536
6,Left Ankle,256.1947937011719,517.8629150390625,0.9106571674346924
6,Right Ankle,190.54103088378903,524.3677978515625,0.9077026844024658
7,Nose,171.41722106933594,234.0403289794922,0.9978354573249816
7,Left Eye,190.74835205078125,224.3970184326172,0.9981070756912231
7,Right Eye,159.97628784179688,224.03158569335935,0.9935522079467772
7,Left Ear,227.1464080810547,236.83416748046875,0.9863134622573853
7,Right Ear,147.021484375,231.0936584472656,0.5910469889640808
7,Left Shoulder,254.24554443359372,289.84930419921875,0.9752131700515748
7,Right Shoulder,111.78059387207033,283.6049499511719,0.9692357182502748
7,Left Elbow,271.7442626953125,351.3862609863281,0.950795829296112
7,Right Elbow,68.61878204345703,348.8023681640625,0.9336546659469604
7,Left Wrist,299.6019592285156,381.856689453125,0.9481630325317384
7,Right Wrist,116.65155792236328,385.89459228515625,0.9360253810882568
7,Left Hip,221.92056274414065,390.299072265625,0.9744012951850892
7,Right Hip,131.9659423828125,391.2169799804688,0.9716827273368835
7,Left Knee,326.56707763671875,418.8258972167969,0.9627978205680848
7,Right Knee,126.92507934570312,432.4118041992188,0.9602622389793396
7,Left Ankle,256.1169738769531,518.200927734375,0.9098771810531616
7,Right Ankle,190.52117919921875,524.8006591796875,0.9068414568901062
8,Nose,171.41990661621094,234.05911254882807,0.9978746175765992
8,Left Eye,190.70022583007807,224.3819122314453,0.9980677962303162
8,Right Eye,159.9271240234375,224.1088409423828,0.993800699710846
8,Left Ear,226.79498291015625,236.95773315429688,0.985692858695984
8,Right Ear,146.94650268554688,231.18348693847656,0.5943232178688049
8,Left Shoulder,254.58450317382807,289.84930419921875,0.9752559065818788
8,Right Shoulder,110.78518676757812,283.7489318847656,0.96926748752594
8,Left Elbow,272.7872619628906,352.09039306640625,0.9506237506866456
8,Right Elbow,68.7015609741211,348.94415283203125,0.9335014224052428
8,Left Wrist,299.449951171875,380.1733703613281,0.947967290878296
8,Right Wrist,116.6759262084961,386.0496520996094,0.9358273148536682
8,Left Hip,222.40383911132807,390.0412292480469,0.974341869354248
8,Right Hip,131.98159790039062,391.0148315429688,0.971631646156311
8,Left Knee,326.30596923828125,419.0738525390625,0.9625633955001832
8,Right Knee,126.95854949951172,433.2619018554688,0.9600378274917604
8,Left Ankle,256.3885192871094,518.1876831054688,0.9091015458106996
8,Right Ankle,190.50665283203125,524.8011474609375,0.90603506565094
9,Nose,171.3839111328125,234.17669677734372,0.9978647828102112
9,Left Eye,190.59523010253903,224.5277404785156,0.998090922832489
9,Right Eye,160.0161590576172,224.28042602539065,0.993697702884674
9,Left Ear,226.85549926757807,237.12905883789065,0.9861688017845154
9,Right Ear,147.20858764648438,231.3193206787109,0.5917174816131592
9,Left Shoulder,254.57928466796875,289.86004638671875,0.9752418398857116
9,Right Shoulder,111.42570495605467,283.4955139160156,0.9692080616950988
9,Left Elbow,272.466796875,352.4776611328125,0.9506327509880066
9,Right Elbow,68.61060333251953,348.96844482421875,0.9333652257919312
9,Left Wrist,299.77520751953125,380.5874633789063,0.9479238986968994
9,Right Wrist,117.21559143066406,386.0706787109375,0.9356486797332764
9,Left Hip,221.9590759277344,390.5724487304688,0.974290132522583
9,Right Hip,131.7259979248047,391.4289245605469,0.971549391746521
9,Left Knee,326.12847900390625,419.213134765625,0.9625272750854492
9,Right Knee,127.00569915771484,433.143798828125,0.9599676132202148
9,Left Ankle,255.7330017089844,518.3765258789062,0.9091691970825196
9,Right Ankle,189.94918823242188,524.8985595703125,0.9060763716697692
10,Nose,171.52371215820312,234.20431518554688,0.997843623161316
10,Left Eye,190.71360778808597,224.61460876464844,0.9980716109275818
10,Right Eye,160.13661193847656,224.2951202392578,0.9936364889144896
10,Left Ear,226.6527404785156,237.31646728515625,0.9859983921051024
10,Right Ear,147.1898193359375,231.4775848388672,0.5956605672836304
10,Left Shoulder,254.32415771484372,290.0146789550781,0.9752970337867736
10,Right Shoulder,110.77510833740234,283.7017822265625,0.9692270755767822
10,Left Elbow,272.40655517578125,353.0158996582031,0.9505037665367126
10,Right Elbow,68.72989654541016,349.3456115722656,0.9332223534584044
10,Left Wrist,299.77392578125,380.83441162109375,0.9477437734603882
10,Right Wrist,117.61270141601562,386.3543090820313,0.9355014562606812
10,Left Hip,221.7437744140625,390.6192321777344,0.9741714596748352
10,Right Hip,131.42654418945312,391.4573364257813,0.971396505832672
10,Left Knee,326.0438537597656,419.12445068359375,0.9624178409576416
10,Right Knee,126.94572448730467,432.8286743164063,0.959851861000061
10,Left Ankle,255.1766815185547,518.8037719726562,0.908984124660492
10,Right Ankle,189.6162872314453,525.0010986328125,0.9058893918991088
11,Nose,171.75863647460938,234.18875122070312,0.9979448914527892
11,Left Eye,191.05503845214844,224.71095275878903,0.9982038736343384
11,Right Eye,160.40280151367188,224.2568206787109,0.9938483834266664
11,Left Ear,226.92822265625,237.79196166992188,0.9867877960205078
11,Right Ear,147.51861572265625,231.40054321289065,0.594105064868927
11,Left Shoulder,254.4740447998047,289.9503173828125,0.975338578224182
11,Right Shoulder,111.2880630493164,283.7872009277344,0.9692275524139404
11,Left Elbow,271.4931030273437,352.4713134765625,0.9508590698242188
11,Right Elbow,68.71112823486328,349.2069091796875,0.9333709478378296
11,Left Wrist,299.4362487792969,381.4624328613281,0.9481231570243835
11,Right Wrist,117.61427307128906,386.86083984375,0.9356946349143982
11,Left Hip,221.62667846679688,390.9810791015625,0.9743788838386536
11,Right Hip,131.51702880859375,391.9889526367188,0.971585750579834
11,Left Knee,326.315673828125,419.4908447265625,0.9625638127326964
11,Right Knee,127.20145416259766,434.26165771484375,0.9599480628967284
11,Left Ankle,255.31092834472656,519.4166259765625,0.9089192152023317
11,Right Ankle,190.43121337890625,526.0257568359375,0.90568345785141
12,Nose,172.1389617919922,234.20335388183597,0.9979854822158812
12,Left Eye,191.53900146484372,224.67529296875,0.998262107372284
12,Right Eye,160.62347412109375,224.2950134277344,0.9939842820167542
12,Left Ear,227.4447021484375,237.90562438964844,0.987133800983429
12,Right Ear,147.6464385986328,231.63943481445312,0.5940394401550293
12,Left Shoulder,254.45062255859372,290.0767822265625,0.9752795696258544
12,Right Shoulder,112.0367660522461,283.62213134765625,0.9692460298538208
12,Left Elbow,271.80596923828125,352.3151550292969,0.9507491588592528
12,Right Elbow,68.97964477539062,348.8768920898437,0.9335527420043944
12,Left Wrist,301.3114013671875,382.9724731445313,0.9479860067367554
12,Right Wrist,116.60305786132812,386.2126770019531,0.9357980489730836
12,Left Hip,221.59300231933597,390.8767700195313,0.9743832945823668
12,Right Hip,131.6908721923828,391.7790832519531,0.9716328978538512
12,Left Knee,326.3836975097656,419.25439453125,0.9628108739852904
12,Right Knee,126.97904205322266,433.2620849609375,0.9602711200714112
12,Left Ankle,256.0386962890625,518.9698486328125,0.9100281000137328
12,Right Ankle,190.93814086914065,525.8653564453125,0.9069445133209229
13,Nose,172.31918334960938,234.4596405029297,0.9979206919670104
13,Left Eye,191.7889404296875,224.966796875,0.9981626868247986
13,Right Eye,160.8072052001953,224.4444274902344,0.9939124584197998
13,Left Ear,227.75387573242188,237.8106842041016,0.9864194989204408
13,Right Ear,147.90982055664062,231.64996337890625,0.5952640771865845
13,Left Shoulder,254.73362731933597,290.45916748046875,0.9752678871154784
13,Right Shoulder,111.6343231201172,284.133056640625,0.9692721962928772
13,Left Elbow,272.53424072265625,353.3375244140625,0.9504740238189696
13,Right Elbow,68.83501434326172,349.1457214355469,0.9332069158554076
13,Left Wrist,299.85955810546875,380.7915649414063,0.9477541446685792
13,Right Wrist,118.38832092285156,387.4209899902344,0.9354308247566224
13,Left Hip,222.0892639160156,391.6044921875,0.974095582962036
13,Right Hip,132.21853637695312,392.50201416015625,0.9713356494903564
13,Left Knee,325.8916015625,419.455078125,0.9621419906616212
13,Right Knee,127.74928283691406,433.5414733886719,0.9595669507980348
13,Left Ankle,255.31326293945312,518.858154296875,0.908531367778778
13,Right Ankle,190.0572204589844,524.754638671875,0.9054391980171204
14,Nose,172.5486297607422,234.4667053222656,0.9979440569877625
14,Left Eye,192.00352478027344,224.9107208251953,0.9981793165206908
14,Right Eye,160.91909790039062,224.6130828857422,0.9940127730369568
14,Left Ear,227.92811584472656,238.08973693847656,0.986603021621704
14,Right Ear,148.03115844726562,232.3113250732422,0.5971318483352661
14,Left Shoulder,254.85025024414065,290.57550048828125,0.9753344655036926
14,Right Shoulder,112.0841064453125,284.40826416015625,0.969411551952362
14,Left Elbow,272.4189453125,354.0391845703125,0.9505003094673156
14,Right Elbow,68.78206634521484,349.18280029296875,0.933430552482605
14,Left Wrist,299.775146484375,381.0579223632813,0.947767972946167
14,Right Wrist,118.68527221679688,387.77734375,0.9355995655059814
14,Left Hip,222.3416290283203,391.4574890136719,0.9742016792297364
14,Right Hip,132.56109619140625,392.63616943359375,0.971485674381256
14,Left Knee,325.5838317871094,419.8052978515625,0.9620946645736694
14,Right Knee,128.37802124023438,435.6892700195313,0.9595531821250916
14,Left Ankle,255.5679626464844,518.4758911132812,0.9081580638885498
14,Right Ankle,190.3653106689453,525.0297241210938,0.9049904346466064
15,Nose,173.0762939453125,234.42547607421875,0.9978618025779724
15,Left Eye,192.6040802001953,224.9954833984375,0.998082160949707
15,Right Eye,161.41778564453125,224.5050811767578,0.9938045740127563
15,Left Ear,228.27484130859372,238.1236572265625,0.9858661890029908
15,Right Ear,148.22943115234375,232.0370635986328,0.598687469959259
15,Left Shoulder,255.19976806640625,290.7207946777344,0.975238800048828
15,Right Shoulder,112.09230041503906,284.2071228027344,0.9692682027816772
15,Left Elbow,272.6736145019531,354.4097595214844,0.950247883796692
15,Right Elbow,68.69121551513672,349.1697082519531,0.933165967464447
15,Left Wrist,299.90478515625,381.356689453125,0.9475492238998412
15,Right Wrist,118.39635467529295,387.8500671386719,0.935399889945984
15,Left Hip,222.2051544189453,391.2756652832031,0.9740390181541444
15,Right Hip,132.0697021484375,392.2047424316406,0.97129887342453
15,Left Knee,325.7670288085937,419.7023315429688,0.961958944797516
15,Right Knee,128.35064697265625,434.7791137695313,0.959427535533905
15,Left Ankle,255.5911865234375,518.7890625,0.9079801440238952
15,Right Ankle,190.0366668701172,525.044189453125,0.9048671722412108
16,Nose,173.09442138671875,234.62388610839844,0.9978567957878112
16,Left Eye,192.4311370849609,225.19732666015625,0.9981278777122498
16,Right Eye,161.6029815673828,224.6583251953125,0.9936715364456176
16,Left Ear,228.03662109375,238.25509643554688,0.9863320589065552
16,Right Ear,148.48068237304688,232.1086883544922,0.5976799726486206
16,Left Shoulder,254.91793823242188,290.671875,0.9752464890480042
16,Right Shoulder,112.3671417236328,284.1947631835937,0.9692276120185852
16,Left Elbow,271.7929077148437,353.2213134765625,0.9504879117012024
16,Right Elbow,68.66072845458984,349.2315673828125,0.9332899451255798
16,Left Wrist,299.68121337890625,382.2889404296875,0.947817087173462
16,Right Wrist,117.9988250732422,387.360595703125,0.9355928897857666
16,Left Hip,221.3636474609375,391.415771484375,0.9740611910820008
16,Right Hip,131.6109619140625,392.15814208984375,0.971269965171814
16,Left Knee,325.7098388671875,419.68017578125,0.9619814157485962
16,Right Knee,127.75984954833984,433.3920593261719,0.959385871887207
16,Left Ankle,255.4775390625,518.7150268554688,0.9080464243888856
16,Right Ankle,189.3699493408203,524.8494262695312,0.904901087284088
17,Nose,174.7028350830078,234.67718505859372,0.997769832611084
17,Left Eye,193.4530029296875,225.2911071777344,0.9980522394180298
17,Right Eye,163.21205139160156,225.0855865478516,0.9933670163154602
17,Left Ear,228.25759887695312,238.4719696044922,0.9862428903579712
17,Right Ear,149.96615600585938,232.8370819091797,0.6047960519790649
17,Left Shoulder,255.18472290039065,290.68829345703125,0.9753530621528624
17,Right Shoulder,113.28791046142578,284.2836303710937,0.969465970993042
17,Left Elbow,271.9437866210937,353.6675720214844,0.9504844546318054
17,Right Elbow,68.8997802734375,349.0929870605469,0.9338756203651428
17,Left Wrist,300.08074951171875,382.5933532714844,0.9477023482322692
17,Right Wrist,117.5264663696289,386.9828186035156,0.9359487295150756
17,Left Hip,220.86134338378903,391.39154052734375,0.9740884304046632
17,Right Hip,131.34878540039062,392.1023864746094,0.9713403582572936
17,Left Knee,325.5904541015625,419.66448974609375,0.9618722200393676
17,Right Knee,127.70050811767578,433.6295166015625,0.95936119556427
17,Left Ankle,255.73333740234372,518.6268310546875,0.9077612161636353
17,Right Ankle,189.3328857421875,525.0239868164062,0.9046658277511596
18,Nose,175.13803100585938,234.6842041015625,0.997821569442749
18,Left Eye,193.6503753662109,225.1660614013672,0.9980664849281312
18,Right Eye,163.77151489257812,225.09019470214844,0.9934600591659546
18,Left Ear,228.4975433349609,237.619140625,0.9856752753257751
18,Right Ear,150.88739013671875,232.3787841796875,0.6017134189605713
18,Left Shoulder,255.79736328125,290.4843444824219,0.9753355979919434
18,Right Shoulder,115.74816131591795,283.7720031738281,0.9696313738822936
18,Left Elbow,272.1637268066406,353.6778564453125,0.9503694772720336
18,Right Elbow,69.66435241699219,348.3367004394531,0.9342914819717408
18,Left Wrist,302.6107177734375,384.2176818847656,0.947433352470398
18,Right Wrist,117.52137756347656,386.93896484375,0.936022162437439
18,Left Hip,220.9951629638672,391.1921997070313,0.974168062210083
18,Right Hip,131.82501220703125,391.671630859375,0.9715157151222228
18,Left Knee,325.4483337402344,419.4747314453125,0.9621095061302184
18,Right Knee,127.84335327148438,432.9606628417969,0.9597254395484924
18,Left Ankle,255.24229431152344,518.61083984375,0.9084821343421936
18,Right Ankle,189.2835998535156,525.3707275390625,0.9055831432342528
19,Nose,176.34347534179688,234.43783569335935,0.9978861212730408
19,Left Eye,195.0699615478516,224.8841857910156,0.9981036186218262
19,Right Eye,164.8453826904297,224.60723876953125,0.9937456846237184
19,Left Ear,229.71875,236.9776153564453,0.9852077960968018
19,Right Ear,152.16148376464844,231.39556884765625,0.6006951928138733
19,Left Shoulder,256.50665283203125,290.5024719238281,0.9752021431922911
19,Right Shoulder,117.17501068115234,283.2215881347656,0.9696970582008362
19,Left Elbow,272.97515869140625,354.61798095703125,0.9499132633209229
19,Right Elbow,70.48519897460938,347.7239990234375,0.9342524409294128
19,Left Wrist,299.71661376953125,381.3497924804688,0.94719660282135
19,Right Wrist,117.40261840820312,387.0115966796875,0.9358673095703124
19,Left Hip,220.0938720703125,391.08642578125,0.9738976359367372
19,Right Hip,131.1055908203125,390.9775085449219,0.9713261723518372
19,Left Knee,324.4443054199219,418.9781494140625,0.962157428264618
19,Right Knee,126.16001892089844,430.729248046875,0.9598375558853148
19,Left Ankle,254.8165740966797,518.8812866210938,0.9088824391365052
19,Right Ankle,189.07215881347656,525.3919677734375,0.9061245322227478
20,Nose,178.43121337890625,234.28439331054688,0.997872829437256
20,Left Eye,197.31124877929688,224.9263153076172,0.9981269240379332
20,Right Eye,166.7562713623047,224.44830322265625,0.9937599301338196
20,Left Ear,231.27378845214844,237.99398803710935,0.985566258430481
20,Right Ear,153.4644317626953,231.8759307861328,0.611996591091156
20,Left Shoulder,257.0853881835937,290.8904724121094,0.9752652049064636
20,Right Shoulder,117.4229507446289,283.2749938964844,0.9699278473854064
20,Left Elbow,271.9132385253906,353.6512451171875,0.9499075412750244
20,Right Elbow,70.71836853027344,347.5386047363281,0.9349605441093444
20,Left Wrist,298.30767822265625,381.3478698730469,0.947260558605194
20,Right Wrist,116.37874603271484,386.3818054199219,0.936555027961731
20,Left Hip,219.5762939453125,390.7286376953125,0.9741326570510864
20,Right Hip,130.21453857421875,390.669677734375,0.9716215133666992
20,Left Knee,324.01812744140625,418.9918823242188,0.9621853232383728
20,Right Knee,126.49688720703124,433.2700805664063,0.9599407315254213
20,Left Ankle,254.5145263671875,518.7600708007812,0.90865820646286
20,Right Ankle,188.7294006347656,525.2571411132812,0.905780017375946
21,Nose,181.53744506835935,234.2822265625,0.9976711869239808
21,Left Eye,200.44923400878903,225.1497039794922,0.9979446530342102
21,Right Eye,169.6658477783203,224.4434051513672,0.99324631690979
21,Left Ear,233.4576568603516,238.49562072753903,0.9845564365386964
21,Right Ear,155.8653106689453,232.08724975585935,0.6225864887237549
21,Left Shoulder,258.2685241699219,291.4331970214844,0.9751604199409484
21,Right Shoulder,117.6895980834961,282.65118408203125,0.9700773358345032
21,Left Elbow,272.9393005371094,354.94708251953125,0.9493144750595092
21,Right Elbow,71.46846008300781,346.6771545410156,0.9354145526885986
21,Left Wrist,299.68560791015625,381.34027099609375,0.9466484785079956
21,Right Wrist,114.5850830078125,385.3044738769531,0.936746060848236
21,Left Hip,219.21441650390625,390.5780029296875,0.97387957572937
21,Right Hip,129.74554443359375,390.1949462890625,0.9714692831039428
21,Left Knee,323.11279296875,418.8499755859375,0.9615330696105956
21,Right Knee,126.62184143066406,433.8286437988281,0.9594252705574036
21,Left Ankle,254.84661865234372,518.5079956054688,0.9073347449302672
21,Right Ankle,188.14833068847656,524.2410888671875,0.9045421481132508
22,Nose,185.0543975830078,234.07261657714844,0.9976716637611388
22,Left Eye,204.0718231201172,225.0186920166016,0.998007833957672
22,Right Eye,173.09524536132812,224.1701812744141,0.9931448698043824
22,Left Ear,236.71176147460935,238.7689208984375,0.9854187965393066
22,Right Ear,159.5137176513672,232.0965118408203,0.6227478384971619
22,Left Shoulder,259.984619140625,292.1268005371094,0.9749698042869568
22,Right Shoulder,121.3323211669922,281.82379150390625,0.9700067639350892
22,Left Elbow,272.0873107910156,354.5704345703125,0.9491920471191406
22,Right Elbow,73.07122039794922,345.7746887207031,0.9355873465538024
22,Left Wrist,297.74298095703125,380.771484375,0.9467833042144777
22,Right Wrist,113.9574203491211,384.3051452636719,0.9368934035301208
22,Left Hip,217.5753326416016,391.3106994628906,0.9736493229866028
22,Right Hip,128.83245849609375,389.8409118652344,0.9712318181991576
22,Left Knee,323.1668395996094,418.3327026367188,0.9616460800170898
22,Right Knee,124.52368927001952,430.2213134765625,0.9595150351524352
22,Left Ankle,254.23995971679688,518.5631103515625,0.9082491397857666
22,Right Ankle,187.2255706787109,524.388427734375,0.90549498796463
23,Nose,189.96792602539065,234.84088134765625,0.9975831508636476
23,Left Eye,208.7342071533203,225.57394409179688,0.9980039000511168
23,Right Eye,178.14096069335938,224.7286834716797,0.9927478432655334
23,Left Ear,241.728271484375,238.94760131835935,0.9860984086990356
23,Right Ear,164.46485900878906,232.27784729003903,0.6230392456054688
23,Left Shoulder,262.2367248535156,292.8936462402344,0.9745702743530272
23,Right Shoulder,126.55767822265624,281.282470703125,0.9699694514274596
23,Left Elbow,273.88623046875,355.6416015625,0.9483649134635924
23,Right Elbow,74.63804626464844,344.9534912109375,0.9358457922935486
23,Left Wrist,298.67779541015625,380.3280029296875,0.9462988376617432
23,Right Wrist,113.89278411865234,383.9512634277344,0.936962366104126
23,Left Hip,215.9275054931641,390.8517761230469,0.9731510877609252
23,Right Hip,127.93798828125,388.5662536621094,0.970844030380249
23,Left Knee,321.88348388671875,417.5884399414063,0.9614351391792296
23,Right Knee,122.59309387207033,427.1105041503906,0.9594093561172484
23,Left Ankle,253.8345489501953,518.1504516601562,0.90845388174057
23,Right Ankle,186.3983154296875,523.618896484375,0.9058609008789062
24,Nose,194.73178100585935,235.08154296875,0.9976486563682556
24,Left Eye,213.47018432617188,226.00364685058597,0.9981740713119508
24,Right Eye,183.2032165527344,224.9032287597656,0.9926776885986328
24,Left Ear,246.6659240722656,239.9178009033203,0.9877637028694152
24,Right Ear,169.5959930419922,232.5116271972656,0.627906084060669
24,Left Shoulder,264.3178100585937,293.80145263671875,0.9743024706840516
24,Right Shoulder,129.43341064453125,280.93780517578125,0.970057725906372
24,Left Elbow,273.4366149902344,357.04608154296875,0.9477463364601136
24,Right Elbow,75.61372375488281,344.4620361328125,0.936223328113556
24,Left Wrist,301.2309875488281,383.0738525390625,0.945788025856018
24,Right Wrist,114.24574279785156,383.6000671386719,0.937130868434906
24,Left Hip,215.0377655029297,391.4666442871094,0.97275048494339
24,Right Hip,127.53417205810548,388.7394104003906,0.97052663564682
24,Left Knee,321.2469177246094,417.45843505859375,0.960956573486328
24,Right Knee,122.78347778320312,426.09613037109375,0.9590373039245604
24,Left Ankle,253.8760986328125,518.5901489257812,0.90769761800766
24,Right Ankle,186.08544921875,524.092529296875,0.9052006006240844
25,Nose,201.51046752929688,235.69537353515625,0.9968587160110474
25,Left Eye,220.3016357421875,226.676513671875,0.9982105493545532
25,Right Eye,189.5941925048828,225.2634429931641,0.9877570867538452
25,Left Ear,252.0858612060547,241.53392028808597,0.9898294806480408
25,Right Ear,174.4053192138672,233.33084106445312,0.6307886838912964
25,Left Shoulder,266.03277587890625,296.9949035644531,0.9680492877960204
25,Right Shoulder,133.30477905273438,282.15924072265625,0.9637932777404784
25,Left Elbow,273.3118896484375,358.69647216796875,0.942289412021637
25,Right Elbow,77.7494125366211,342.7100524902344,0.9338477849960328
25,Left Wrist,305.5948486328125,386.1170654296875,0.9427446722984314
25,Right Wrist,113.68541717529295,384.0486450195313,0.9369646310806274
25,Left Hip,213.61798095703125,392.7254028320313,0.9712201356887816
25,Right Hip,127.26531219482422,388.5846252441406,0.9691860675811768
25,Left Knee,320.4090576171875,416.35064697265625,0.9590426683425904
25,Right Knee,121.1915512084961,425.29931640625,0.957798182964325
25,Left Ankle,253.01287841796875,517.4115600585938,0.9054702520370485
25,Right Ankle,186.84548950195312,522.0736083984375,0.9033121466636658
26,Nose,207.8304443359375,236.09152221679688,0.9967843294143676
26,Left Eye,226.74066162109372,227.69271850585935,0.998200297355652
26,Right Eye,196.27462768554688,225.25390625,0.9872577786445618
26,Left Ear,257.229248046875,242.88336181640625,0.9895408749580384
26,Right Ear,180.5031280517578,232.24560546875,0.6412414908409119
26,Left Shoulder,267.5749206542969,297.7235717773437,0.9675101637840272
26,Right Shoulder,137.9645233154297,281.2283935546875,0.9638540744781494
26,Left Elbow,273.08172607421875,358.49884033203125,0.941517174243927
26,Right Elbow,79.58892059326172,340.39752197265625,0.9349740743637084
26,Left Wrist,304.073486328125,385.1372680664063,0.9423333406448364
26,Right Wrist,114.04437255859376,383.27447509765625,0.9378726482391356
26,Left Hip,212.02297973632807,392.119384765625,0.9714514017105104
26,Right Hip,126.03881072998048,387.41217041015625,0.9696428179740906
26,Left Knee,319.3551940917969,416.4222106933594,0.9592576026916504
26,Right Knee,122.50933074951172,426.7926025390625,0.9583249092102052
26,Left Ankle,252.8532867431641,516.9570922851562,0.9057891964912416
26,Right Ankle,186.33985900878903,521.4363403320312,0.9038428664207458
27,Nose,214.7777404785156,236.35336303710935,0.9965370893478394
27,Left Eye,233.97314453125,228.01055908203125,0.998139500617981
27,Right Eye,203.17796325683597,225.01361083984372,0.9859880805015564
27,Left Ear,264.05194091796875,243.30789184570312,0.9897884726524352
27,Right Ear,186.87332153320312,231.44288635253903,0.6523393392562866
27,Left Shoulder,270.460205078125,299.71649169921875,0.9668484330177308
27,Right Shoulder,143.86300659179688,280.2432556152344,0.96378892660141
27,Left Elbow,274.6300048828125,359.391357421875,0.9398120045661926
27,Right Elbow,81.23737335205078,337.8613586425781,0.9352849125862122
27,Left Wrist,306.0921936035156,386.8837890625,0.941127359867096
27,Right Wrist,115.73870849609376,383.4396057128906,0.9380685091018676
27,Left Hip,210.5207977294922,392.0911865234375,0.9708409905433656
27,Right Hip,124.73030090332033,386.5135498046875,0.969215452671051
27,Left Knee,318.66326904296875,416.7063598632813,0.9578781127929688
27,Right Knee,123.83303833007812,427.6400146484375,0.9572760462760924
27,Left Ankle,252.942626953125,517.2015380859375,0.9021368622779846
27,Right Ankle,185.8948974609375,521.6800537109375,0.9004214406013489
28,Nose,222.1904754638672,236.86480712890625,0.9968736171722412
28,Left Eye,241.14236450195312,228.53977966308597,0.9984059929847716
28,Right Eye,210.8505096435547,225.6714782714844,0.986941397190094
28,Left Ear,271.19451904296875,244.16534423828125,0.9915043711662292
28,Right Ear,194.43084716796875,232.60403442382807,0.6589695811271667
28,Left Shoulder,274.51104736328125,300.9503173828125,0.9662854671478271
28,Right Shoulder,149.86834716796875,280.14794921875,0.9642325043678284
28,Left Elbow,275.25799560546875,359.4931945800781,0.9383726119995116
28,Right Elbow,83.45092010498047,337.0461730957031,0.9361159205436708
28,Left Wrist,306.0121765136719,386.4067687988281,0.9400819540023804
28,Right Wrist,116.5029296875,382.46881103515625,0.9383887648582458
28,Left Hip,208.9601287841797,392.2120361328125,0.9703049063682556
28,Right Hip,123.67759704589844,385.78369140625,0.9689658880233764
28,Left Knee,318.0511474609375,416.0216064453125,0.9573982954025269
28,Right Knee,124.63483428955078,425.6569213867188,0.9571662545204164
28,Left Ankle,252.10403442382807,517.4786376953125,0.9012563228607178
28,Right Ankle,185.7527313232422,522.000244140625,0.899982750415802
29,Nose,230.29107666015625,237.09893798828125,0.9967793822288512
29,Left Eye,249.26675415039065,229.07839965820312,0.998375654220581
29,Right Eye,218.9593963623047,225.8991851806641,0.9865998029708862
29,Left Ear,278.5082702636719,245.44305419921875,0.99152410030365
29,Right Ear,202.5596160888672,232.35012817382807,0.6683371067047119
29,Left Shoulder,279.036865234375,301.96826171875,0.9655997157096864
29,Right Shoulder,155.16555786132812,279.031982421875,0.9648167490959167
29,Left Elbow,276.6841735839844,359.3753662109375,0.9369204640388488
29,Right Elbow,87.82022094726562,336.6109313964844,0.937841296195984
29,Left Wrist,306.5142822265625,385.2619323730469,0.9391033053398132
29,Right Wrist,119.4628448486328,380.9163818359375,0.9395478963851928
29,Left Hip,208.6078643798828,391.7453308105469,0.9702178239822388
29,Right Hip,123.193115234375,384.354736328125,0.969309628009796
29,Left Knee,317.3547058105469,415.8974914550781,0.9574288725852966
29,Right Knee,126.69353485107422,424.4058837890625,0.9578046202659608
29,Left Ankle,252.11724853515625,517.3658447265625,0.901192307472229
29,Right Ankle,186.2909393310547,522.7490234375,0.9006927013397217
30,Nose,240.27964782714844,238.21566772460935,0.9969848990440368
30,Left Eye,258.9672241210937,230.51687622070312,0.9983527660369872
30,Right Eye,228.69512939453125,226.7999267578125,0.9880375862121582
30,Left Ear,285.6827392578125,246.6226806640625,0.9889728426933287
30,Right Ear,211.17669677734372,232.5028533935547,0.6899060606956482
30,Left Shoulder,283.87628173828125,303.93084716796875,0.9653667211532592
30,Right Shoulder,161.41647338867188,278.7165222167969,0.9659499526023864
30,Left Elbow,280.0364990234375,362.2319030761719,0.9350605607032776
30,Right Elbow,92.6920928955078,334.85400390625,0.9399192333221436
30,Left Wrist,309.8595275878906,386.84765625,0.9374353885650636
30,Right Wrist,122.84831237792967,379.57818603515625,0.9407994151115416
30,Left Hip,210.948486328125,391.9163208007813,0.9699715375900269
30,Right Hip,125.87094116210938,383.75146484375,0.9696274995803832
30,Left Knee,317.7569274902344,415.5141296386719,0.9569424390792848
30,Right Knee,128.5729522705078,425.3165893554688,0.9581159353256226
30,Left Ankle,252.4530792236328,516.88916015625,0.9003769159317017
30,Right Ankle,188.0168914794922,523.36962890625,0.9007824659347534
31,Nose,248.43206787109372,239.22097778320312,0.9970536231994628
31,Left Eye,267.3787841796875,231.96202087402344,0.9983735084533693
31,Right Eye,237.43557739257807,227.30514526367188,0.988023042678833
31,Left Ear,293.1718139648437,248.47854614257807,0.9879827499389648
31,Right Ear,219.41647338867188,232.2553253173828,0.6988965272903442
31,Left Shoulder,288.4891357421875,305.30712890625,0.964513659477234
31,Right Shoulder,170.16001892089844,277.522705078125,0.9658745527267456
31,Left Elbow,282.4894714355469,363.9128112792969,0.9325307011604308
31,Right Elbow,96.41259765625,334.8617553710937,0.9402927160263062
31,Left Wrist,312.9730224609375,387.29150390625,0.9355453848838806
31,Right Wrist,126.52072143554688,378.4350891113281,0.9409374594688416
31,Left Hip,207.3878631591797,390.58056640625,0.9691201448440552
31,Right Hip,122.7297592163086,380.9912414550781,0.9690536260604858
31,Left Knee,316.73077392578125,414.5245361328125,0.9561564326286316
31,Right Knee,132.71942138671875,424.6221923828125,0.957971215248108
31,Left Ankle,252.16098022460935,517.6848754882812,0.8984139561653137
31,Right Ankle,189.0734405517578,525.2787475585938,0.899535059928894
32,Nose,257.6975402832031,240.65771484375,0.997389018535614
32,Left Eye,276.4291076660156,233.18467712402344,0.9985748529434204
32,Right Eye,246.98684692382807,228.21127319335935,0.989679217338562
32,Left Ear,301.3183898925781,249.5824279785156,0.9873578548431396
32,Right Ear,229.57362365722656,232.5943603515625,0.7026607394218445
32,Left Shoulder,294.4722900390625,306.7220458984375,0.9639192223548888
32,Right Shoulder,179.68936157226562,276.80743408203125,0.966575026512146
32,Left Elbow,284.7203369140625,365.0912170410156,0.9308592081069946
32,Right Elbow,101.7785186767578,333.7530822753906,0.9416417479515076
32,Left Wrist,313.46405029296875,387.0665588378906,0.9345340132713318
32,Right Wrist,129.51734924316406,378.60943603515625,0.9417296051979064
32,Left Hip,206.7158203125,390.1045227050781,0.9688904285430908
32,Right Hip,122.59071350097656,379.2363586425781,0.9693034291267396
32,Left Knee,315.3799133300781,415.2967224121094,0.9564940929412842
32,Right Knee,135.54525756835938,423.0089111328125,0.9588474035263062
32,Left Ankle,251.6273498535156,518.1949462890625,0.8987212181091309
32,Right Ankle,190.04656982421875,526.5708618164062,0.9006537795066833
33,Nose,267.5391540527344,241.63668823242188,0.997376561164856
33,Left Eye,286.30487060546875,234.4136962890625,0.9983696341514589
33,Right Eye,256.49871826171875,228.82052612304688,0.99033522605896
33,Left Ear,309.3490295410156,251.18380737304688,0.982125759124756
33,Right Ear,237.40933227539065,233.60499572753903,0.7155731916427612
33,Left Shoulder,300.4092712402344,307.38970947265625,0.9630865454673768
33,Right Shoulder,188.53265380859372,276.475341796875,0.9669862985610962
33,Left Elbow,286.1356201171875,365.97369384765625,0.929117739200592
33,Right Elbow,107.98625183105467,332.71661376953125,0.9430701732635498
33,Left Wrist,315.3636474609375,385.8912353515625,0.933508276939392
33,Right Wrist,135.60462951660156,377.0226745605469,0.9428242444992064
33,Left Hip,209.5221099853516,388.1339721679688,0.9690961837768556
33,Right Hip,125.6765594482422,376.1553955078125,0.9699869155883788
33,Left Knee,314.1644897460937,415.2576904296875,0.95755273103714
33,Right Knee,135.27926635742188,422.53814697265625,0.9603485465049744
33,Left Ankle,251.20794677734372,518.169677734375,0.9012212753295898
33,Right Ankle,188.78245544433597,525.8936767578125,0.9037123918533324
34,Nose,277.7474975585937,242.63641357421875,0.997051239013672
34,Left Eye,295.963134765625,235.74850463867188,0.9979113936424256
34,Right Eye,266.6346435546875,230.02952575683597,0.9899389743804932
34,Left Ear,317.35894775390625,252.724853515625,0.9746015667915344
34,Right Ear,246.5150604248047,234.00521850585935,0.7364488244056702
34,Left Shoulder,304.73541259765625,309.7776794433594,0.9622945189476012
34,Right Shoulder,194.10079956054688,276.6610717773437,0.967387318611145
34,Left Elbow,287.47833251953125,366.8618774414063,0.9267240762710572
34,Right Elbow,112.8044204711914,331.27667236328125,0.9442750215530396
34,Left Wrist,320.5868835449219,387.8196716308594,0.9316864013671876
34,Right Wrist,141.5029296875,374.0012817382813,0.9438629150390624
34,Left Hip,210.71237182617188,386.8004760742188,0.9690028429031372
34,Right Hip,127.15717315673828,374.12298583984375,0.9702861309051514
34,Left Knee,314.1105651855469,414.7470397949219,0.9578357934951782
34,Right Knee,137.26434326171875,422.5389709472656,0.9612138867378236
34,Left Ankle,249.96237182617188,518.468017578125,0.9017074704170228
34,Right Ankle,187.2898101806641,526.0947875976562,0.9048595428466796
35,Nose,288.8056030273437,243.3497009277344,0.996895670890808
35,Left Eye,306.506103515625,237.16693115234372,0.9971954822540284
35,Right Eye,277.74908447265625,230.552001953125,0.9898686408996582
35,Left Ear,324.9661865234375,254.30612182617188,0.9572706818580629
35,Right Ear,254.88792419433597,233.41583251953125,0.7551208138465881
35,Left Shoulder,310.9459228515625,309.8409729003906,0.961232841014862
35,Right Shoulder,201.8077392578125,275.73309326171875,0.9679352641105652
35,Left Elbow,292.558349609375,368.1497497558594,0.9245339632034302
35,Right Elbow,121.32118225097656,330.0362548828125,0.9464582204818726
35,Left Wrist,324.7270812988281,388.9180908203125,0.9297152757644652
35,Right Wrist,149.20289611816406,373.7682495117188,0.9453313946723938
35,Left Hip,214.41619873046875,385.93267822265625,0.9695441126823424
35,Right Hip,131.84584045410156,372.0823974609375,0.9714032411575316
35,Left Knee,315.50799560546875,414.4098205566406,0.959642767906189
35,Right Knee,139.69537353515625,420.21917724609375,0.9637694954872132
35,Left Ankle,248.33218383789065,517.8626708984375,0.907331109046936
35,Right Ankle,187.435791015625,526.774658203125,0.9116004109382628
36,Nose,298.50390625,244.20928955078125,0.9970808625221252
36,Left Eye,316.1999206542969,238.3877868652344,0.9972894191741944
36,Right Eye,287.6081237792969,231.6795959472656,0.9905509948730468
36,Left Ear,334.7063903808594,256.3265380859375,0.9571569561958312
36,Right Ear,265.23553466796875,235.56884765625,0.7555199861526489
36,Left Shoulder,317.78497314453125,311.4517517089844,0.9597607851028442
36,Right Shoulder,209.72967529296875,275.34039306640625,0.9680337905883788
36,Left Elbow,295.7919921875,369.5403137207031,0.9223837852478028
36,Right Elbow,128.5099334716797,329.7287902832031,0.9474528431892396
36,Left Wrist,328.9049072265625,389.6524963378906,0.9280760884284972
36,Right Wrist,159.59205627441406,373.66009521484375,0.9458480477333068
36,Left Hip,215.7519073486328,386.52001953125,0.9691067934036256
36,Right Hip,133.89212036132812,371.30908203125,0.971428632736206
36,Left Knee,316.625244140625,415.6717529296875,0.959269881248474
36,Right Knee,141.41319274902344,417.7634887695313,0.9639890789985656
36,Left Ankle,246.13119506835935,517.468017578125,0.906743347644806
36,Right Ankle,186.02365112304688,526.8742065429688,0.911959946155548
37,Nose,309.2192077636719,245.5625457763672,0.9981666803359984
37,Left Eye,327.4276123046875,239.83448791503903,0.9978176355361938
37,Right Eye,298.3275451660156,232.3932342529297,0.9945021867752076
37,Left Ear,345.14434814453125,258.6623840332031,0.947110950946808
37,Right Ear,276.006591796875,236.70013427734372,0.7834064364433289
37,Left Shoulder,322.71002197265625,313.2481689453125,0.9656949639320374
37,Right Shoulder,220.69796752929688,275.0663146972656,0.9738611578941344
37,Left Elbow,297.8262023925781,370.83148193359375,0.924598217010498
37,Right Elbow,135.63861083984375,326.6326599121094,0.9510671496391296
37,Left Wrist,333.9439697265625,390.4369201660156,0.9269944429397584
37,Right Wrist,168.90975952148438,373.7645263671875,0.9470701813697816
37,Left Hip,212.5801544189453,384.632568359375,0.9693631529808044
37,Right Hip,132.94012451171875,369.1816711425781,0.9719670414924622
37,Left Knee,313.8033142089844,419.08978271484375,0.9578105211257936
37,Right Knee,148.0030517578125,419.7445373535156,0.9630868434906006
37,Left Ankle,242.40695190429688,518.6544799804688,0.8998040556907654
37,Right Ankle,184.51622009277344,529.8789672851562,0.9059567451477052
38,Nose,321.0746459960937,247.9027099609375,0.9981845021247864
38,Left Eye,339.24285888671875,241.91883850097656,0.9976047277450562
38,Right Eye,310.38006591796875,233.98751831054688,0.994840443134308
38,Left Ear,356.3931884765625,259.3265686035156,0.9306129813194276
38,Right Ear,287.8060302734375,236.60394287109372,0.7840405106544495
38,Left Shoulder,330.8618469238281,315.24951171875,0.9643044471740724
38,Right Shoulder,230.6337890625,274.03125,0.9735034108161926
38,Left Elbow,302.6149597167969,371.8731994628906,0.9217748045921326
38,Right Elbow,142.4234619140625,326.3973999023437,0.9509473443031312
38,Left Wrist,343.59442138671875,390.2535705566406,0.9241974949836732
38,Right Wrist,178.12936401367188,372.7072448730469,0.9466094970703124
38,Left Hip,214.7159423828125,383.9942932128906,0.9687641263008118
38,Right Hip,134.9314727783203,367.146728515625,0.9716639518737792
38,Left Knee,313.9564819335937,421.9524536132813,0.9559148550033568
38,Right Knee,149.05233764648438,422.48150634765625,0.9617998003959656
38,Left Ankle,240.18423461914065,518.8902587890625,0.8931002020835876
38,Right Ankle,183.38430786132807,530.198486328125,0.9000403881072998
39,Nose,334.04644775390625,249.78707885742188,0.9973840117454528
39,Left Eye,351.3866577148437,244.26104736328125,0.9966602325439452
39,Right Eye,323.6402587890625,235.51417541503903,0.9922100305557252
39,Left Ear,366.9781494140625,261.1795654296875,0.8811373114585876
39,Right Ear,299.805908203125,237.2314453125,0.778392493724823
39,Left Shoulder,339.1679382324219,316.8803100585937,0.9556414484977722
39,Right Shoulder,244.01336669921875,273.4794921875,0.9672796726226808
39,Left Elbow,310.70806884765625,372.9290466308594,0.9119392037391664
39,Right Elbow,154.82025146484375,325.8634948730469,0.948095977306366
39,Left Wrist,358.1019592285156,393.323486328125,0.9180009365081788
39,Right Wrist,188.27691650390625,371.8273620605469,0.945282518863678
39,Left Hip,213.9405975341797,385.9234008789063,0.968035876750946
39,Right Hip,135.71548461914062,366.06390380859375,0.9713063836097716
39,Left Knee,315.255859375,422.1240539550781,0.958936870098114
39,Right Knee,151.33004760742188,421.71038818359375,0.9654089212417604
39,Left Ankle,238.73622131347656,519.619140625,0.906834363937378
39,Right Ankle,182.24676513671875,529.094970703125,0.914386749267578
40,Nose,346.65643310546875,251.49237060546875,0.997156262397766
40,Left Eye,363.8416137695313,246.37057495117188,0.9962334036827089
40,Right Eye,336.1318054199219,237.0782470703125,0.9916588664054872
40,Left Ear,378.1456909179688,263.7850952148437,0.8735256195068359
40,Right Ear,311.081787109375,238.74888610839844,0.7912646532058716
40,Left Shoulder,345.51007080078125,318.333251953125,0.9540809392929076
40,Right Shoulder,251.61090087890625,275.3848876953125,0.9666348695755004
40,Left Elbow,316.8611145019531,372.78228759765625,0.907191276550293
40,Right Elbow,164.43690490722656,326.04156494140625,0.9472591876983644
40,Left Wrist,368.0181274414063,395.6440734863281,0.9131101965904236
40,Right Wrist,203.9755096435547,376.0607604980469,0.9441089034080504
40,Left Hip,215.11671447753903,384.8372497558594,0.9669175148010254
40,Right Hip,138.36529541015625,364.1103820800781,0.970334768295288
40,Left Knee,315.8141174316406,423.6480407714844,0.9565593004226683
40,Right Knee,158.66806030273438,420.1874694824219,0.9638951420783995
40,Left Ankle,237.54049682617188,518.1947021484375,0.901531457901001
40,Right Ankle,180.243896484375,528.1361083984375,0.9102762341499328
41,Nose,358.917724609375,253.45428466796875,0.9968855977058412
41,Left Eye,375.54241943359375,248.07681274414065,0.9954478144645692
41,Right Eye,348.3277893066406,239.46469116210935,0.991544246673584
41,Left Ear,389.5152282714844,263.92657470703125,0.8514363169670105
41,Right Ear,324.1558532714844,239.69985961914065,0.7967255115509033
41,Left Shoulder,354.6976928710937,320.5679931640625,0.9532611966133118
41,Right Shoulder,266.7732238769531,275.5359802246094,0.9667726755142212
41,Left Elbow,324.95068359375,374.8374633789063,0.9033946990966796
41,Right Elbow,177.4058380126953,326.30322265625,0.9473047256469728
41,Left Wrist,384.26361083984375,398.8206481933594,0.9076354503631592
41,Right Wrist,222.5686187744141,375.5413513183594,0.942712128162384
41,Left Hip,218.0033264160156,385.0260925292969,0.9671713709831238
41,Right Hip,143.95559692382812,362.1925659179688,0.9707710146903992
41,Left Knee,316.836181640625,426.1046752929688,0.9561805129051208
41,Right Knee,165.2696533203125,420.1072387695313,0.964171826839447
41,Left Ankle,235.5308837890625,518.3580322265625,0.9007933139801024
41,Right Ankle,178.6605987548828,529.5731201171875,0.9105638861656188
42,Nose,372.2651977539063,254.5335235595703,0.9975613355636596
42,Left Eye,389.2034912109375,249.3516540527344,0.9962097406387328
42,Right Eye,362.93853759765625,240.53094482421875,0.9920220375061036
42,Left Ear,403.74951171875,265.3118591308594,0.8651825189590454
42,Right Ear,337.8215026855469,239.34896850585935,0.8142179846763611
42,Left Shoulder,366.26123046875,321.0367736816406,0.9577361345291138
42,Right Shoulder,278.67047119140625,274.3534545898437,0.9643125534057616
42,Left Elbow,335.5382385253906,375.2242431640625,0.9105912446975708
42,Right Elbow,192.2197723388672,323.005126953125,0.942673921585083
42,Left Wrist,393.6951599121094,397.5558776855469,0.9183881878852844
42,Right Wrist,239.52696228027344,372.6500244140625,0.9407576322555542
42,Left Hip,226.75344848632807,382.8652648925781,0.964170217514038
42,Right Hip,152.1541748046875,358.9576416015625,0.9654491543769836
42,Left Knee,318.84552001953125,428.0107116699219,0.9516366124153136
42,Right Knee,174.12188720703125,420.06439208984375,0.9559439420700072
42,Left Ankle,235.240234375,517.36767578125,0.885149359703064
42,Right Ankle,178.783935546875,528.84912109375,0.886772096157074
43,Nose,383.1764526367188,256.6855163574219,0.9972416162490844
43,Left Eye,400.0115356445313,251.56442260742188,0.9959885478019714
43,Right Eye,374.5907287597656,242.5918426513672,0.9910280108451844
43,Left Ear,414.6831665039063,266.9970397949219,0.8797900676727295
43,Right Ear,351.5803527832031,240.4287109375,0.8047722578048706
43,Left Shoulder,376.0473937988281,321.94024658203125,0.9569228887557985
43,Right Shoulder,294.9428100585937,274.8201904296875,0.9646843671798706
43,Left Elbow,346.33551025390625,378.2112426757813,0.9102574586868286
43,Right Elbow,204.8365020751953,322.0274963378906,0.9447022080421448
43,Left Wrist,410.6228942871094,399.1728210449219,0.9177154898643494
43,Right Wrist,255.61334228515625,371.19866943359375,0.942103385925293
43,Left Hip,232.62481689453125,384.16058349609375,0.965287744998932
43,Right Hip,159.9075469970703,359.119140625,0.9670360088348388
43,Left Knee,320.1505432128906,430.2916259765625,0.9543386101722716
43,Right Knee,181.11227416992188,420.3897399902344,0.959144651889801
43,Left Ankle,234.68946838378903,517.9785766601562,0.8913182616233826
43,Right Ankle,178.57164001464844,529.3328857421875,0.8942850828170776
44,Nose,398.3345642089844,258.5850830078125,0.9985937476158142
44,Left Eye,414.6025390625,253.90447998046875,0.9966641068458556
44,Right Eye,388.9125671386719,244.66537475585935,0.9969664216041564
44,Left Ear,425.6382446289063,269.6073608398437,0.8320941925048828
44,Right Ear,364.3995971679688,244.14389038085935,0.8276702761650085
44,Left Shoulder,385.2997741699219,325.4322814941406,0.9629159569740297
44,Right Shoulder,303.72216796875,276.6250915527344,0.9711319804191588
44,Left Elbow,353.4844055175781,381.7763366699219,0.9131203889846802
44,Right Elbow,215.8965759277344,322.8382263183594,0.948573350906372
44,Left Wrist,423.2997131347656,402.2429809570313,0.9146220684051514
44,Right Wrist,270.5018005371094,368.718505859375,0.9425699710845948
44,Left Hip,241.09075927734372,385.2905883789063,0.9641928672790528
44,Right Hip,170.44895935058594,360.14459228515625,0.9664937257766724
44,Left Knee,324.8166198730469,431.4364013671875,0.94734787940979
44,Right Knee,184.36427307128903,422.96295166015625,0.9533283710479736
44,Left Ankle,235.8651580810547,517.0792846679688,0.8687067031860352
44,Right Ankle,177.93844604492188,527.6207275390625,0.8728851675987244
45,Nose,410.662109375,261.3631591796875,0.9976944327354432
45,Left Eye,426.7232360839844,257.38043212890625,0.9949153661727904
45,Right Eye,401.3326110839844,247.07107543945312,0.9946714043617249
45,Left Ear,437.3743591308594,273.75323486328125,0.774383008480072
45,Right Ear,374.7875671386719,245.7544860839844,0.8181822299957275
45,Left Shoulder,396.1506652832031,328.6866149902344,0.9540831446647644
45,Right Shoulder,315.32440185546875,276.7145080566406,0.9639147520065308
45,Left Elbow,365.5623168945313,384.4416809082031,0.9032347798347472
45,Right Elbow,228.3505859375,321.8099365234375,0.9448924660682678
45,Left Wrist,436.2054443359375,403.0776672363281,0.9087979793548584
45,Right Wrist,283.8447265625,365.0825805664063,0.9408607482910156
45,Left Hip,249.90689086914065,390.43548583984375,0.9630396366119384
45,Right Hip,178.52288818359375,361.97894287109375,0.9655739665031432
45,Left Knee,333.7561340332031,431.8229064941406,0.9494460821151732
45,Right Knee,193.22137451171875,419.6084289550781,0.956275761127472
45,Left Ankle,237.22537231445312,517.2081909179688,0.8821264505386353
45,Right Ankle,176.6029052734375,524.2509765625,0.8878964781761169
46,Nose,422.2215576171875,264.99053955078125,0.998458743095398
46,Left Eye,435.7902221679688,260.79449462890625,0.9899412989616394
46,Right Eye,414.3822021484375,250.72528076171875,0.9974626302719116
46,Left Ear,445.0987548828125,276.22027587890625,0.4449427127838135
46,Right Ear,388.2060852050781,249.5896148681641,0.8192815184593201
46,Left Shoulder,404.5549926757813,328.52301025390625,0.9757596850395204
46,Right Shoulder,325.35235595703125,276.4356384277344,0.9806306958198548
46,Left Elbow,378.9920654296875,389.4892578125,0.9504469633102416
46,Right Elbow,241.521728515625,321.958740234375,0.9666345119476318
46,Left Wrist,445.8299255371094,404.4448852539063,0.9559943675994872
46,Right Wrist,298.6661376953125,364.3033752441406,0.9674128293991088
46,Left Hip,260.16943359375,392.1208801269531,0.9809080362319946
46,Right Hip,195.83468627929688,364.57330322265625,0.9800032377243042
46,Left Knee,344.3606872558594,436.38470458984375,0.977609395980835
46,Right Knee,195.52166748046875,417.6331787109375,0.979001760482788
46,Left Ankle,240.35211181640625,514.5758666992188,0.9369181990623474
46,Right Ankle,179.46112060546875,523.1318969726562,0.9340766668319702
47,Nose,437.863037109375,269.4172668457031,0.9986542463302612
47,Left Eye,450.7845458984375,264.4229431152344,0.9900938868522644
47,Right Eye,429.7270202636719,255.0899200439453,0.9979217648506165
47,Left Ear,458.63330078125,277.6928100585937,0.4261245131492615
47,Right Ear,401.980712890625,252.3125,0.8743829727172852
47,Left Shoulder,414.9805908203125,331.63970947265625,0.9776542782783508
47,Right Shoulder,338.6836242675781,278.2896728515625,0.9809392690658568
47,Left Elbow,387.3529968261719,394.1169128417969,0.9546002745628356
47,Right Elbow,254.64138793945312,323.2469787597656,0.966857135295868
47,Left Wrist,457.1452026367188,408.4783935546875,0.9603140354156494
47,Right Wrist,314.5403137207031,365.5376586914063,0.9674131870269777
47,Left Hip,269.7142333984375,394.2122192382813,0.9784222841262816
47,Right Hip,208.99176025390625,365.0621948242188,0.9764190316200256
47,Left Knee,349.06524658203125,442.0917663574219,0.969552516937256
47,Right Knee,209.3358612060547,423.0093383789063,0.9687018990516664
47,Left Ankle,237.87957763671875,515.8810424804688,0.8900740742683411
47,Right Ankle,173.39068603515625,525.5352172851562,0.8761746287345886
48,Nose,445.26080322265625,271.9825439453125,0.9971476197242736
48,Left Eye,460.9173583984375,268.061279296875,0.9940316081047058
48,Right Eye,437.4194030761719,257.9935913085937,0.9915717840194702
48,Left Ear,472.05364990234375,282.8035888671875,0.7800543904304504
48,Right Ear,412.1149291992188,255.70443725585935,0.8238531351089478
48,Left Shoulder,426.4281311035156,337.50262451171875,0.956628441810608
48,Right Shoulder,354.816650390625,281.264404296875,0.961782932281494
48,Left Elbow,392.2929992675781,393.4026794433594,0.90414696931839
48,Right Elbow,269.0810241699219,323.9745483398437,0.9393184781074524
48,Left Wrist,469.643798828125,408.4081726074219,0.909288763999939
48,Right Wrist,326.46588134765625,366.0884094238281,0.9346511363983154
48,Left Hip,280.3766174316406,395.0099792480469,0.9549936652183532
48,Right Hip,216.3793792724609,362.0794982910156,0.955796480178833
48,Left Knee,354.51690673828125,441.9705200195313,0.9307897686958312
48,Right Knee,217.32569885253903,421.4859008789063,0.9354063272476196
48,Left Ankle,237.5343170166016,516.780517578125,0.8303508758544922
48,Right Ankle,175.6310577392578,525.9736938476562,0.828611433506012
49,Nose,461.3239440917969,277.12567138671875,0.9980785846710204
49,Left Eye,476.4166259765625,273.55426025390625,0.994755744934082
49,Right Eye,453.1175231933594,262.51092529296875,0.99511456489563
49,Left Ear,485.0435180664063,288.650390625,0.662597119808197
49,Right Ear,426.3313293457031,260.3377685546875,0.8311933875083923
49,Left Shoulder,440.70989990234375,342.2064819335937,0.9554081559181212
49,Right Shoulder,367.4499816894531,284.450927734375,0.963115394115448
49,Left Elbow,399.8653259277344,399.3287963867188,0.9006168842315674
49,Right Elbow,282.7860107421875,328.1105041503906,0.9415124654769896
49,Left Wrist,481.6885986328125,411.58795166015625,0.9050681591033936
49,Right Wrist,344.60382080078125,365.372314453125,0.93522310256958
49,Left Hip,291.9232788085937,399.5662231445313,0.9551703929901124
49,Right Hip,229.311279296875,365.2726440429688,0.9572785496711732
49,Left Knee,366.17486572265625,443.5662231445313,0.9339585304260254
49,Right Knee,225.0618896484375,419.06158447265625,0.9404741525650024
49,Left Ankle,242.2589569091797,514.6995849609375,0.8405291438102722
49,Right Ankle,177.41583251953125,529.5536499023438,0.8426063656806946
50,Nose,470.173828125,283.7112121582031,0.9981539845466614
50,Left Eye,484.99505615234375,279.7289123535156,0.9947110414505004
50,Right Eye,462.1341552734375,269.4532775878906,0.9955138564109802
50,Left Ear,494.4893798828125,293.3575439453125,0.6692136526107788
50,Right Ear,436.3612060546875,266.809326171875,0.8262301087379456
50,Left Shoulder,450.3936767578125,347.99951171875,0.9549943208694458
50,Right Shoulder,378.3670959472656,289.6665344238281,0.964324116706848
50,Left Elbow,409.20220947265625,403.0314025878906,0.9008776545524596
50,Right Elbow,294.05499267578125,330.7816162109375,0.9432701468467712
50,Left Wrist,488.9139099121094,413.4077453613281,0.9049044251441956
50,Right Wrist,354.4920959472656,365.7141723632813,0.9360946416854858
50,Left Hip,306.27642822265625,403.3517456054688,0.9571327567100524
50,Right Hip,245.55728149414065,368.9029846191406,0.9599432349205016
50,Left Knee,372.8707885742188,447.7673034667969,0.9374330043792723
50,Right Knee,230.58529663085935,424.7697143554688,0.9441643953323364
50,Left Ankle,242.5125732421875,513.5363159179688,0.8497913479804993
50,Right Ankle,174.11566162109375,524.2021484375,0.8528727293014526
51,Nose,481.27880859375,290.37701416015625,0.9979888200759888
51,Left Eye,495.5447998046875,287.5572204589844,0.9927095174789428
51,Right Eye,473.6444091796875,276.1285400390625,0.9957258701324464
51,Left Ear,503.23736572265625,302.2725830078125,0.5412910580635071
51,Right Ear,446.2900390625,273.5268859863281,0.83237624168396
51,Left Shoulder,460.0404357910156,353.3223876953125,0.9539552330970764
51,Right Shoulder,390.5321044921875,296.08062744140625,0.965653657913208
51,Left Elbow,420.74114990234375,408.06005859375,0.8990615010261536
51,Right Elbow,309.4056396484375,336.5970458984375,0.9458484649658204
51,Left Wrist,497.8917846679688,418.99267578125,0.902112603187561
51,Right Wrist,371.7386779785156,369.9019165039063,0.9371750354766846
51,Left Hip,318.9240417480469,407.4325256347656,0.9592433571815492
51,Right Hip,260.5021667480469,373.52294921875,0.962940514087677
51,Left Knee,381.3937683105469,450.7360229492188,0.9407660961151124
51,Right Knee,235.89065551757807,433.4635925292969,0.9485676884651184
51,Left Ankle,254.87936401367188,510.9568481445313,0.858811616897583
51,Right Ankle,168.10775756835938,524.9994506835938,0.8636010885238647
52,Nose,491.818115234375,299.6266174316406,0.9976279139518738
52,Left Eye,505.306396484375,296.6024475097656,0.9879345893859864
52,Right Eye,484.416259765625,284.8963623046875,0.995695948600769
52,Left Ear,511.7623291015625,309.7137756347656,0.3640576004981994
52,Right Ear,458.3796691894531,280.37713623046875,0.8273440003395081
52,Left Shoulder,469.5778198242188,358.5511779785156,0.953530490398407
52,Right Shoulder,401.8374633789063,304.24139404296875,0.9675971865653992
52,Left Elbow,428.66644287109375,413.2294921875,0.8987832069396973
52,Right Elbow,323.3563842773437,343.5948486328125,0.9484061598777772
52,Left Wrist,508.6366882324219,425.6763305664063,0.9004930853843689
52,Right Wrist,387.3019409179688,375.490478515625,0.9379106163978576
52,Left Hip,330.79083251953125,414.43450927734375,0.9597665071487428
52,Right Hip,274.44317626953125,379.9850769042969,0.9643584489822388
52,Left Knee,385.15570068359375,455.4249267578125,0.9432165026664734
52,Right Knee,243.0760803222656,432.7463073730469,0.9516574144363404
52,Left Ankle,248.3721160888672,511.01708984375,0.8703570365905762
52,Right Ankle,166.3090057373047,519.2951049804688,0.8771755695343018
53,Nose,502.1038208007813,307.1689147949219,0.9966276288032532
53,Left Eye,514.892578125,304.5638122558594,0.981892704963684
53,Right Eye,494.3452758789063,293.2857971191406,0.9938398003578186
53,Left Ear,520.4765014648438,318.8921203613281,0.3583723902702331
53,Right Ear,467.0016479492188,290.40606689453125,0.8206262588500977
53,Left Shoulder,477.1416015625,366.7209777832031,0.952717900276184
53,Right Shoulder,413.1028442382813,311.61968994140625,0.968364119529724
53,Left Elbow,436.5601196289063,420.1857299804688,0.8989258408546448
53,Right Elbow,334.95220947265625,349.7315979003906,0.9497414231300354
53,Left Wrist,516.108154296875,434.4271240234375,0.8998979926109314
53,Right Wrist,404.4861755371094,383.6286315917969,0.9378133416175842
53,Left Hip,339.0271301269531,420.2633361816406,0.960942804813385
53,Right Hip,283.91357421875,384.4743347167969,0.965949535369873
53,Left Knee,389.77685546875,461.722412109375,0.9475365877151488
53,Right Knee,242.45782470703125,434.4059753417969,0.95583838224411
53,Left Ankle,244.3726043701172,511.8557434082031,0.8843193054199219
53,Right Ankle,162.87168884277344,519.3639526367188,0.8917506337165833
54,Nose,511.1138305664063,318.67041015625,0.9958571791648864
54,Left Eye,522.895751953125,316.0632019042969,0.9669022560119628
54,Right Eye,504.1685791015625,304.4754333496094,0.9937639832496644
54,Left Ear,526.9375610351562,328.407958984375,0.2168070077896118
54,Right Ear,477.64154052734375,298.72760009765625,0.8178207874298096
54,Left Shoulder,481.4054870605469,375.828125,0.9519863724708556
54,Right Shoulder,422.13128662109375,321.5744934082031,0.9694820046424866
54,Left Elbow,444.4080505371094,429.3731994628906,0.8979254364967346
54,Right Elbow,347.242431640625,358.6523132324219,0.9514998197555542
54,Left Wrist,519.2362670898438,440.7952270507813,0.899437665939331
54,Right Wrist,422.892333984375,392.206298828125,0.9388591647148132
54,Left Hip,343.6697998046875,427.2937622070313,0.961702287197113
54,Right Hip,292.1211853027344,390.3346557617188,0.967191755771637
54,Left Knee,394.338134765625,466.765380859375,0.9526681303977966
54,Right Knee,252.403076171875,435.0687561035156,0.9609130024909972
54,Left Ankle,241.2749938964844,515.7738647460938,0.9006017446517944
54,Right Ankle,159.0840606689453,516.4277954101562,0.9088179469108582
55,Nose,522.67041015625,331.0502319335937,0.9947110414505004
55,Left Eye,534.0823974609375,329.097900390625,0.9482112526893616
55,Right Eye,516.92041015625,316.9862976074219,0.9926471710205078
55,Left Ear,536.7841186523438,340.9636535644531,0.1836252957582473
55,Right Ear,490.916015625,308.9957275390625,0.8122496604919434
55,Left Shoulder,487.0151062011719,386.84869384765625,0.9510313272476196
55,Right Shoulder,433.7415161132813,329.328369140625,0.9705762267112732
55,Left Elbow,451.0464172363281,438.8089294433594,0.8973458409309387
55,Right Elbow,359.6478271484375,366.3929443359375,0.9518465995788574
55,Left Wrist,527.335205078125,456.296142578125,0.8973967432975769
55,Right Wrist,431.44677734375,399.4164123535156,0.937455952167511
55,Left Hip,353.7877197265625,437.0194091796875,0.9608274698257446
55,Right Hip,306.8137512207031,398.0516662597656,0.9670558571815492
55,Left Knee,397.6152038574219,472.84857177734375,0.9534368515014648
55,Right Knee,256.8793640136719,437.61529541015625,0.961851954460144
55,Left Ankle,237.6357421875,517.465576171875,0.9064083695411682
55,Right Ankle,158.8775177001953,513.5364990234375,0.9151841402053832
56,Nose,532.0224609375,347.34716796875,0.9928848147392272
56,Left Eye,542.5912475585938,346.4190368652344,0.9184743165969848
56,Right Eye,527.5257568359375,333.5707702636719,0.9898866415023804
56,Left Ear,543.176513671875,358.0823974609375,0.1498151123523712
56,Right Ear,500.48248291015625,323.5896301269531,0.8099337220191956
56,Left Shoulder,494.64349365234375,398.6192626953125,0.9485079646110536
56,Right Shoulder,446.549560546875,342.4982604980469,0.9701818823814392
56,Left Elbow,460.5232543945313,450.01800537109375,0.892136812210083
56,Right Elbow,377.167236328125,377.9997863769531,0.948929727077484
56,Left Wrist,532.67822265625,468.2120056152344,0.8909168243408203
56,Right Wrist,448.0919494628906,413.1065368652344,0.9317647218704224
56,Left Hip,365.0880737304688,446.5338439941406,0.9569516777992249
56,Right Hip,322.84344482421875,407.62054443359375,0.9641503095626832
56,Left Knee,404.7371215820313,477.3836669921875,0.9505736231803894
56,Right Knee,266.1141662597656,437.5342102050781,0.9597620368003844
56,Left Ankle,242.72946166992188,520.0387573242188,0.905110478401184
56,Right Ankle,166.92916870117188,511.3306274414063,0.9151990413665771
57,Nose,544.2301025390625,364.45751953125,0.988069713115692
57,Left Eye,552.9634399414062,363.141357421875,0.8446000814437866
57,Right Eye,540.2574462890625,351.2285461425781,0.9846333265304564
57,Left Ear,551.6480712890625,372.0161743164063,0.0903072208166122
57,Right Ear,511.3064270019531,340.4451904296875,0.8108353018760681
57,Left Shoulder,497.1521301269531,409.7454528808594,0.9454976320266724
57,Right Shoulder,458.5465087890625,358.4728698730469,0.9703936576843262
57,Left Elbow,467.1661376953125,465.5848388671875,0.8859380483627319
57,Right Elbow,393.9248046875,388.9364318847656,0.9486987590789796
57,Left Wrist,535.014892578125,480.8580322265625,0.8841814398765564
57,Right Wrist,468.30084228515625,421.1226196289063,0.92969012260437
57,Left Hip,375.1306762695313,456.57861328125,0.9523200988769532
57,Right Hip,336.47723388671875,419.35260009765625,0.961281418800354
57,Left Knee,414.5864868164063,484.0387573242188,0.9471185207366944
57,Right Knee,273.4149780273437,439.9113159179688,0.9578457474708556
57,Left Ankle,250.3175811767578,520.0526123046875,0.9039815664291382
57,Right Ankle,165.19808959960938,510.396484375,0.915840983390808
58,Nose,552.3822631835938,380.5431213378906,0.9851859211921692
58,Left Eye,561.6716918945312,380.9283142089844,0.8493671417236328
58,Right Eye,549.6292114257812,367.5046081542969,0.9781520962715148
58,Left Ear,559.9901123046875,392.5413208007813,0.1215189397335052
58,Right Ear,520.697998046875,357.7188720703125,0.801565408706665
58,Left Shoulder,506.5331726074219,425.6422424316406,0.938821256160736
58,Right Shoulder,467.7454833984375,373.4744262695313,0.970867395401001
58,Left Elbow,475.8576965332031,468.5966796875,0.868450403213501
58,Right Elbow,405.7642211914063,406.2330322265625,0.9472209811210632
58,Left Wrist,531.3463745117188,478.8924865722656,0.8653103113174438
58,Right Wrist,474.2547607421875,437.2777099609375,0.9239169359207152
58,Left Hip,389.3567504882813,468.1962890625,0.946922779083252
58,Right Hip,351.5754089355469,429.45599365234375,0.9593014717102052
58,Left Knee,421.1568298339844,488.26751708984375,0.943391501903534
58,Right Knee,279.802734375,445.2039794921875,0.9566441774368286
58,Left Ankle,260.583740234375,522.2103271484375,0.9060556888580322
58,Right Ankle,169.15821838378906,509.03125,0.919982373714447
59,Nose,562.6033935546875,397.5680236816406,0.9799394607543944
59,Left Eye,571.3367919921875,396.5011596679688,0.7872498631477356
59,Right Eye,558.825927734375,384.31103515625,0.9768229722976683
59,Left Ear,569.9639892578125,405.9311828613281,0.0679634734988212
59,Right Ear,532.144287109375,372.447021484375,0.7952510714530945
59,Left Shoulder,521.0208740234375,442.8561096191406,0.875522792339325
59,Right Shoulder,479.8909912109375,385.8560485839844,0.9661878347396852
59,Left Elbow,508.11370849609375,484.1002807617188,0.6511107683181763
59,Right Elbow,418.77685546875,421.6832275390625,0.9363104104995728
59,Left Wrist,532.321533203125,483.588134765625,0.648462176322937
59,Right Wrist,492.31536865234375,458.4960632324219,0.8962628245353699
59,Left Hip,401.439697265625,476.58636474609375,0.901901364326477
59,Right Hip,366.1833190917969,434.9263305664063,0.9423868060112
59,Left Knee,429.7053833007813,488.8394775390625,0.91594398021698
59,Right Knee,296.5130615234375,447.21478271484375,0.9502590894699096
59,Left Ankle,261.6307373046875,522.5015258789062,0.8873274922370911
59,Right Ankle,176.8380584716797,507.66748046875,0.9180316925048828
60,Nose,564.2144165039062,412.1792602539063,0.9387543201446532
60,Left Eye,571.864501953125,411.3037109375,0.6936749815940857
60,Right Eye,562.1984252929688,400.9689636230469,0.9296854734420776
60,Left Ear,577.1552734375,414.7308349609375,0.1620718091726303
60,Right Ear,543.6014404296875,386.6051025390625,0.8569204211235046
60,Left Shoulder,521.9668579101562,454.6739196777344,0.9276847839355468
60,Right Shoulder,485.136474609375,389.8531494140625,0.9778066277503968
60,Left Elbow,502.3150024414063,484.3084106445313,0.7646983861923218
60,Right Elbow,422.377685546875,423.8009033203125,0.964400351047516
60,Left Wrist,537.4441528320312,473.9937744140625,0.773245632648468
60,Right Wrist,500.4845581054688,465.0172729492188,0.947615385055542
60,Left Hip,399.561279296875,473.7747192382813,0.9558573365211488
60,Right Hip,372.6274719238281,429.3130493164063,0.9720668196678162
60,Left Knee,419.2288208007813,490.6948852539063,0.961823046207428
60,Right Knee,313.1707458496094,449.772705078125,0.9787895083427428
60,Left Ankle,239.2596435546875,520.4655151367188,0.9457963109016418
60,Right Ankle,176.94000244140625,502.4404602050781,0.9631858468055724
