Frame,nose_x,nose_y,nose_conf,left_eye_x,left_eye_y,left_eye_conf,right_eye_x,right_eye_y,right_eye_conf,left_ear_x,left_ear_y,left_ear_conf,right_ear_x,right_ear_y,right_ear_conf,left_shoulder_x,left_shoulder_y,left_shoulder_conf,right_shoulder_x,right_shoulder_y,right_shoulder_conf,left_elbow_x,left_elbow_y,left_elbow_conf,right_elbow_x,right_elbow_y,right_elbow_conf,left_wrist_x,left_wrist_y,left_wrist_conf,right_wrist_x,right_wrist_y,right_wrist_conf,left_hip_x,left_hip_y,left_hip_conf,right_hip_x,right_hip_y,right_hip_conf,left_knee_x,left_knee_y,left_knee_conf,right_knee_x,right_knee_y,right_knee_conf,left_ankle_x,left_ankle_y,left_ankle_conf,right_ankle_x,right_ankle_y,right_ankle_conf
1,369.4189147949219,170.88473510742188,0.2857138812541961,374.3258056640625,167.93228149414062,0.0491441488265991,371.1950988769531,166.3095245361328,0.1647378653287887,372.6632690429688,148.34661865234375,0.0422649383544921,366.1951599121094,156.76177978515625,0.558542788028717,338.14508056640625,144.9729461669922,0.8396069407463074,349.32940673828125,164.79518127441406,0.90963613986969,326.4420471191406,173.76736450195312,0.6939463019371033,348.4837646484375,191.4496154785156,0.8424867987632751,311.6038818359375,198.3470764160156,0.6538274884223938,321.5378723144531,200.3429107666016,0.7675938606262207,275.697021484375,175.8614044189453,0.9204498529434204,283.2874755859375,180.33897399902344,0.937247395515442,230.4087677001953,237.6939392089844,0.926190972328186,240.36480712890625,231.93397521972656,0.9373087882995604,156.105712890625,285.7384033203125,0.8857399821281433,158.986328125,270.0198974609375,0.8953522443771362
2,360.4500732421875,155.4803466796875,0.2916728854179382,365.07904052734375,154.42550659179688,0.1465969085693359,361.7380981445313,150.15554809570312,0.1351463347673416,369.3489990234375,156.3463592529297,0.085146278142929,364.8408203125,149.05523681640625,0.1486438065767288,353.4070129394531,163.92019653320312,0.6845540404319763,339.8343505859375,156.16961669921875,0.7085074186325073,334.9316711425781,187.7469787597656,0.5710346102714539,309.7955322265625,180.28175354003903,0.5070085525512695,307.71661376953125,198.10494995117188,0.5516722202301025,303.03955078125,200.56463623046875,0.4463582038879394,290.26446533203125,189.5153350830078,0.9034388065338136,282.9212646484375,174.9343719482422,0.9000649452209473,222.6024780273437,251.95005798339844,0.9234474897384644,225.5500030517578,227.2761383056641,0.910422146320343,158.14736938476562,296.1939697265625,0.876865804195404,148.29608154296875,270.9203186035156,0.8667978048324585
3,362.187255859375,154.96429443359375,0.2967416644096374,366.3966064453125,154.06045532226562,0.1658355444669723,363.1510009765625,149.83709716796875,0.1290617287158966,369.1575317382813,157.10821533203125,0.1127126663923263,366.7261047363281,150.527587890625,0.1601469218730926,353.08111572265625,162.9523162841797,0.7052000164985657,340.41607666015625,158.9568634033203,0.7716463208198547,328.1540832519531,185.8195953369141,0.5734220743179321,308.5398864746094,182.17657470703125,0.6134824156761169,305.66851806640625,200.87843322753903,0.5495499968528748,302.53094482421875,203.07374572753903,0.5359498858451843,290.69287109375,187.5878448486328,0.9125006198883056,285.3993835449219,176.4303436279297,0.9195979237556458,221.4323272705078,247.951171875,0.9282293319702148,233.1448974609375,227.97531127929688,0.9259148240089417,160.54150390625,292.0970458984375,0.8906751275062561,152.1890411376953,265.78228759765625,0.8911359906196594
4,363.066650390625,161.13238525390625,0.2458333820104599,368.0499572753906,159.46971130371094,0.0865870267152786,363.8566589355469,156.5048828125,0.0973218828439712,371.0358276367188,155.7547607421875,0.0680032148957252,370.8518371582031,158.92242431640625,0.1389646679162979,361.4442138671875,159.24114990234375,0.6919968724250793,349.4522705078125,165.999267578125,0.7187173962593079,346.6820678710937,181.61996459960932,0.4940108060836792,327.16290283203125,187.49789428710932,0.4562794268131256,310.9455871582031,201.2349395751953,0.432927668094635,308.7083435058594,203.753662109375,0.3543792068958282,298.43511962890625,179.6220703125,0.9133522510528564,294.0804138183594,172.99794006347656,0.9104019999504088,245.26837158203125,237.73562622070312,0.9494590163230896,253.29893493652344,227.50331115722656,0.9412735104560852,167.39932250976562,287.1986694335937,0.9406157732009888,160.87164306640625,252.348876953125,0.9354130029678344
5,369.0569458007813,159.08544921875,0.1298886835575103,372.6710815429688,157.19740295410156,0.0400732606649398,369.66058349609375,154.98953247070312,0.0571423210203647,373.3272705078125,153.08969116210938,0.046949379146099,373.7931518554688,159.8630828857422,0.2348348200321197,363.4306945800781,157.44754028320312,0.6981061100959778,358.55792236328125,168.5592041015625,0.8404352068901062,365.82861328125,188.82061767578125,0.4158231317996979,368.2691040039063,201.44235229492188,0.7039718627929688,369.2692260742188,226.01133728027344,0.3287862241268158,370.3356628417969,235.5503692626953,0.5019331574440002,296.6493835449219,177.38583374023438,0.9241514801979064,295.2320556640625,173.48231506347656,0.944793701171875,241.708740234375,240.724365234375,0.9494602084159852,250.19845581054688,228.8406982421875,0.9610068798065186,164.90744018554688,290.6107177734375,0.9445539116859436,159.05613708496094,253.66065979003903,0.9551247954368592
6,365.9635925292969,152.237060546875,0.2653648257255554,371.5252075195313,153.17971801757812,0.1293790787458419,368.8409729003906,147.37025451660156,0.0873903855681419,375.75146484375,160.0813751220703,0.0974642559885978,371.55218505859375,155.7808074951172,0.1070155352354049,363.6811828613281,165.27444458007812,0.5811939835548401,347.8001708984375,160.85250854492188,0.6243142485618591,363.4134521484375,180.90426635742188,0.2784180641174316,313.7562866210937,154.80230712890625,0.2740441560745239,358.9659118652344,197.44158935546875,0.1871145963668823,308.4398193359375,146.5598907470703,0.158887892961502,307.1552734375,179.09474182128906,0.8827292919158936,301.312255859375,171.3620147705078,0.8853267431259155,255.4300079345703,235.27911376953125,0.9314034581184388,256.61767578125,231.2731170654297,0.927828311920166,168.699951171875,275.0859680175781,0.9339539408683776,164.80801391601562,258.9145202636719,0.9329896569252014
7,369.3103637695313,155.08326721191406,0.2091543674468994,373.5999145507813,154.07806396484375,0.1075441613793373,370.4510192871094,151.73129272460938,0.0857457891106605,374.8798828125,154.85646057128906,0.1964895129203796,372.4809265136719,156.4290008544922,0.3644250333309173,356.345458984375,160.5557861328125,0.6935572028160095,360.95599365234375,167.35133361816406,0.8050084114074707,368.6575012207031,193.54928588867188,0.4723719656467438,363.3077392578125,203.90968322753903,0.6133727431297302,377.9521484375,222.5307006835937,0.4072301089763641,362.8219604492188,225.82164001464844,0.4713157713413238,300.18170166015625,182.032958984375,0.8725940585136414,301.4853515625,179.03045654296875,0.8957591652870178,253.986083984375,237.9813690185547,0.9242576956748962,258.7146911621094,230.2425842285156,0.9351441860198976,166.6268310546875,280.9214172363281,0.91603821516037,166.29705810546875,245.20425415039065,0.9249727129936218
8,372.5617980957031,169.24334716796875,0.1012860685586929,375.2955932617188,165.95150756835938,0.0463047474622726,373.61322021484375,165.5028076171875,0.0513836629688739,370.2594299316406,155.32827758789062,0.1255041360855102,374.5358581542969,163.24046325683594,0.3650853931903839,349.708740234375,150.8109893798828,0.5827648639678955,363.1651611328125,171.8406982421875,0.7659525275230408,363.9029235839844,184.6356506347656,0.3094792366027832,362.0291748046875,203.6666259765625,0.5505074858665466,375.4750061035156,210.7004547119141,0.2342872470617294,362.3523864746094,216.74969482421875,0.3672748208045959,289.7489318847656,173.58267211914062,0.8257421255111694,305.3536071777344,186.36798095703125,0.8707917928695679,224.67779541015625,225.64096069335932,0.8903259038925171,262.6737670898437,239.79234313964844,0.9149053692817688,153.8963165283203,263.7594909667969,0.8858657479286194,165.00997924804688,257.54803466796875,0.9022763967514038
9,374.0274963378906,177.30262756347656,0.1460733562707901,376.63372802734375,173.68832397460938,0.0283047538250684,375.7922973632813,171.8447723388672,0.0777733847498893,369.4685363769531,159.729248046875,0.0421549901366233,374.5331115722656,164.07225036621094,0.3318151235580444,361.1668395996094,151.74969482421875,0.6855975985527039,357.97119140625,167.7360076904297,0.8263736367225647,368.6861267089844,174.57962036132812,0.3239968419075012,342.0831298828125,190.1995391845703,0.6023328900337219,369.3136901855469,200.20639038085932,0.2033412605524063,347.56182861328125,201.65673828125,0.3420383930206299,293.83526611328125,177.8662109375,0.9216780066490172,298.006591796875,182.14840698242188,0.941380500793457,247.6119842529297,236.90280151367188,0.936779260635376,262.37799072265625,240.0485992431641,0.9525325298309326,166.70333862304688,258.46221923828125,0.9301708340644836,165.89913940429688,254.01419067382807,0.9431836009025574
10,373.9756164550781,178.18031311035156,0.4065374433994293,376.1317443847656,173.68365478515625,0.1280776113271713,374.6560974121094,173.25559997558594,0.2809349298477173,364.575927734375,157.99957275390625,0.1264143586158752,371.70025634765625,163.25302124023438,0.5169987082481384,343.0008850097656,147.06463623046875,0.629533588886261,361.14013671875,171.2611083984375,0.8655973672866821,338.0781555175781,175.89697265625,0.3209982216358185,343.8463134765625,202.7386474609375,0.7635709047317505,352.5682373046875,191.6859436035156,0.2697499990463257,348.562744140625,193.8516845703125,0.613531231880188,286.885986328125,179.18150329589844,0.8371411561965942,304.1165771484375,195.13006591796875,0.903141438961029,234.03347778320312,223.8026123046875,0.8854864239692688,244.2142944335937,247.34429931640625,0.9280797243118286,161.13131713867188,247.38592529296875,0.8763270378112793,159.9878692626953,274.879150390625,0.9050119519233704
11,375.22161865234375,177.8810272216797,0.2896235585212707,377.788330078125,174.01351928710938,0.050468161702156,377.52197265625,173.5916748046875,0.1734660863876342,365.2315673828125,153.99887084960938,0.1197929829359054,376.0327758789063,165.8760528564453,0.521891176700592,341.81451416015625,148.9683837890625,0.6384720206260681,364.67962646484375,170.71070861816406,0.8654274940490723,329.0429077148437,175.75033569335938,0.3025844693183899,366.2530822753906,199.16470336914065,0.748304009437561,345.2726745605469,193.10824584960932,0.2325069308280944,350.4731140136719,198.95150756835932,0.5665953159332275,291.16973876953125,177.90245056152344,0.8485831618309021,307.9300842285156,194.73736572265625,0.909687638282776,245.6004943847656,231.53286743164065,0.8932639956474304,254.0692138671875,251.0599365234375,0.932103157043457,165.74859619140625,253.52084350585932,0.8765413761138916,167.62130737304688,283.9569091796875,0.9036867022514344
12,374.97308349609375,172.86944580078125,0.3913519978523254,375.4308471679688,168.1176300048828,0.1302554011344909,375.2424621582031,168.8045654296875,0.2795894145965576,361.8164367675781,154.40805053710938,0.176454409956932,374.1277465820313,162.15017700195312,0.4565922617912292,342.45660400390625,148.16128540039062,0.7204976081848145,369.2225036621094,166.66336059570312,0.8302972912788391,330.5206298828125,179.35748291015625,0.5249894261360168,368.0037231445313,196.93899536132807,0.70098876953125,346.35308837890625,190.69503784179688,0.4707371294498443,360.7995910644531,201.2212829589844,0.5818927884101868,293.509521484375,177.89144897460938,0.8749873638153076,313.0556945800781,191.14505004882807,0.9005489349365234,253.0452117919922,234.3651733398437,0.9015591144561768,268.42193603515625,252.7162170410156,0.919013261795044,163.79669189453125,254.447021484375,0.8727851510047913,167.5244598388672,278.1185607910156,0.8858540058135986
13,376.5640258789063,175.40487670898438,0.3256559371948242,378.0671691894531,171.03732299804688,0.0568239949643611,377.8009643554688,171.03228759765625,0.2302691340446472,363.1521301269531,154.12179565429688,0.148588091135025,376.2312622070313,164.84446716308594,0.5562437772750854,338.038330078125,150.3419189453125,0.6628742218017578,367.7904357910156,169.0237579345703,0.8813590407371521,324.1266174316406,176.9979248046875,0.3470570147037506,375.656005859375,199.24481201171875,0.8052397966384888,349.8319091796875,186.1229248046875,0.2777586281299591,363.5606384277344,180.170166015625,0.6535663604736328,292.6559753417969,179.96951293945312,0.8763470649719238,318.24615478515625,194.609115600586,0.928508162498474,251.6221923828125,238.62664794921875,0.9054489731788636,313.3427734375,254.5917358398437,0.942997932434082,164.03846740722656,263.64715576171875,0.8761016726493835,253.50143432617188,284.59967041015625,0.9075576663017272
14,377.33978271484375,176.42279052734375,0.3412495255470276,379.5825805664063,172.41311645507812,0.0501074604690074,379.176025390625,171.38502502441406,0.2594425976276397,364.6174926757813,153.85009765625,0.098305843770504,376.0218200683594,162.12449645996094,0.5826007127761841,336.3589782714844,148.26646423339844,0.6542792320251465,368.88580322265625,165.5027618408203,0.8854156732559204,315.621826171875,171.80319213867188,0.3006614446640014,377.0594787597656,194.3957061767578,0.7843672037124634,336.2862854003906,189.6631622314453,0.227184772491455,369.8796997070313,195.6978454589844,0.6045408844947815,295.8895263671875,178.2772216796875,0.8644617199897766,323.6837158203125,192.0342712402344,0.9242472052574158,251.4356231689453,237.4298858642578,0.9044678211212158,319.2820129394531,250.666244506836,0.944304585456848,164.920166015625,265.0237731933594,0.8790532350540161,283.96221923828125,291.74615478515625,0.911894142627716
15,378.2350158691406,173.1788787841797,0.1747691333293914,377.8911743164063,167.6973876953125,0.0596283972263336,378.75927734375,169.44415283203125,0.0862285792827606,365.0722351074219,152.64111328125,0.1485319584608078,376.254638671875,161.1644287109375,0.430021584033966,337.1778259277344,146.57106018066406,0.5716006755828857,374.1520385742188,168.71482849121094,0.7978137731552124,317.3865661621094,172.69952392578125,0.2667472064495086,376.3923950195313,196.1106719970703,0.5961082577705383,332.0812072753906,193.79934692382807,0.2001854181289672,366.8123168945313,194.7712860107422,0.4032356739044189,300.777099609375,178.82325744628906,0.8278862833976746,328.1723022460937,193.4856719970703,0.8862668871879578,251.55242919921875,238.22125244140625,0.9046990275382996,298.4513854980469,249.9559631347656,0.93466979265213,164.85238647460938,270.7092590332031,0.8919476270675659,242.3634185791016,293.1615600585937,0.913750410079956
16,381.2860412597656,163.30995178222656,0.1118264719843864,380.0659790039063,157.2703399658203,0.038770355284214,380.9103393554688,160.1149139404297,0.0479118600487709,368.49951171875,145.07867431640625,0.1114280670881271,379.0617370605469,156.25833129882812,0.3439950942993164,340.4515380859375,144.21334838867188,0.516869068145752,377.5841064453125,169.94134521484375,0.7381624579429626,318.5325927734375,164.25778198242188,0.2325299680233001,374.5110473632813,201.89144897460932,0.4749165773391723,334.1025695800781,172.68572998046875,0.1634416431188583,359.99481201171875,206.09878540039065,0.2859062254428863,307.6202087402344,179.7752685546875,0.8258662223815918,336.81414794921875,196.54481506347656,0.8786567449569702,251.23110961914065,237.56256103515625,0.9247562289237976,321.5307922363281,255.73423767089844,0.9464893341064452,167.19171142578125,271.8543701171875,0.9177208542823792,323.0713195800781,316.0246887207031,0.9327119588851928
17,379.3493957519531,162.61917114257812,0.0767111703753471,379.6245727539063,157.41287231445312,0.0221927743405103,380.9937133789063,158.9747314453125,0.0281357895582914,368.90576171875,141.84881591796875,0.1610415875911712,382.4501037597656,155.58676147460938,0.4448720514774322,344.18701171875,146.1976318359375,0.643626868724823,378.1435852050781,169.6405792236328,0.8540830612182617,319.65838623046875,174.8172607421875,0.3064095973968506,374.9716796875,208.4816131591797,0.6897768974304199,333.5692138671875,195.2437896728516,0.2005894631147384,369.9035949707031,228.0389709472656,0.4484038352966308,311.0592956542969,186.46310424804688,0.8603217601776123,331.2537536621094,203.6361389160156,0.9118443727493286,250.8465118408203,235.6681671142578,0.9067490100860596,260.6910400390625,249.2314453125,0.9358299970626832,164.44686889648438,271.4013671875,0.8944871425628662,164.5629425048828,280.5069274902344,0.9147599935531616
18,383.9842224121094,158.67234802246094,0.185854360461235,382.6488037109375,152.03701782226562,0.0739370062947273,383.91741943359375,155.2481231689453,0.0831159427762031,373.2945251464844,138.60581970214844,0.1140865907073021,381.72845458984375,151.5150909423828,0.4558353126049042,345.5214233398437,146.5854949951172,0.633403480052948,379.80865478515625,167.48638916015625,0.8486732244491577,327.46612548828125,175.07498168945312,0.3183803856372833,371.5545043945313,206.8456268310547,0.6786518096923828,331.1926574707031,185.26580810546875,0.2428668439388275,367.9512939453125,235.6322326660156,0.4814307987689972,313.2516174316406,193.18484497070312,0.8302645683288574,330.8325500488281,206.38717651367188,0.8916270136833191,250.6862945556641,232.07278442382807,0.8961091637611389,256.6298217773437,243.0884246826172,0.9286484718322754,162.86032104492188,268.9295349121094,0.8966473937034607,163.55392456054688,272.0679931640625,0.9179033637046814
19,379.8820190429688,156.00628662109375,0.0693392232060432,378.883544921875,150.93325805664062,0.0253213662654161,381.1664123535156,152.2978973388672,0.0297202318906784,365.04150390625,140.71792602539062,0.2993502914905548,383.3738403320313,151.4295196533203,0.4564680457115173,342.8009338378906,148.150634765625,0.7894541025161743,382.253173828125,167.59402465820312,0.895383894443512,314.4065856933594,176.4185791015625,0.5919901728630066,375.8013000488281,206.62274169921875,0.8016213178634644,318.9222412109375,196.1990509033203,0.470126748085022,370.2124328613281,235.50003051757807,0.6383172273635864,318.15191650390625,195.3773956298828,0.9227066040039062,344.78582763671875,214.06411743164065,0.944018304347992,251.28453063964844,235.19943237304688,0.928642511367798,306.19561767578125,261.454345703125,0.9447274208068848,166.24510192871094,268.7250366210937,0.8898330926895142,275.45037841796875,310.546142578125,0.9043028354644777
20,378.4885864257813,150.25076293945312,0.0668315440416336,377.3110961914063,145.57101440429688,0.0296186823397874,379.6174011230469,146.85198974609375,0.0326493121683597,363.295166015625,139.64361572265625,0.4079484343528747,382.8349914550781,148.47755432128906,0.4275916218757629,339.6187438964844,151.52647399902344,0.880054771900177,383.3902587890625,166.40090942382812,0.883728563785553,308.9457092285156,178.5618896484375,0.7854015231132507,377.8795166015625,201.10671997070312,0.7209407091140747,319.16900634765625,201.69874572753903,0.6670309901237488,362.2348327636719,217.2593994140625,0.5520470142364502,319.40997314453125,205.7825469970703,0.9448792934417723,348.6295166015625,220.94943237304688,0.9431713223457336,252.4022216796875,238.24954223632807,0.944829761981964,323.6771240234375,264.0721435546875,0.9410471320152284,171.15957641601562,279.98468017578125,0.9036864638328552,334.74951171875,318.4617919921875,0.8996228575706482
21,376.1207885742188,147.33987426757812,0.0329791717231273,374.7204284667969,143.41000366210938,0.0178697984665632,377.9485168457031,144.4704132080078,0.013183650560677,361.9155883789063,138.71554565429688,0.6244982481002808,382.2023315429688,145.0690460205078,0.5478153824806213,340.10650634765625,150.76287841796875,0.9660956859588624,383.9821472167969,160.6431884765625,0.9581398367881776,311.53277587890625,179.80584716796875,0.8819482326507568,382.8958740234375,191.50247192382807,0.8171568512916565,318.6385498046875,201.4457092285156,0.6650272607803345,369.40277099609375,182.74693298339844,0.5544791221618652,327.4140625,215.91229248046875,0.9789025187492372,356.6608581542969,220.7763214111328,0.974705934524536,315.3071594238281,266.9146423339844,0.9411661028862,330.2100830078125,268.67236328125,0.9269009232521056,328.4898681640625,315.5912475585937,0.8713226318359375,330.4031066894531,319.8226928710937,0.8500520586967468
22,369.7017517089844,142.9883270263672,0.0296748355031013,368.8908996582031,139.0553741455078,0.030503362417221,372.19183349609375,139.8251953125,0.0059251459315419,359.21484375,136.7274169921875,0.7667432427406311,380.5728454589844,141.76515197753906,0.4910553991794586,341.03253173828125,148.5163116455078,0.9686328172683716,384.8336791992188,161.65386962890625,0.9470809102058412,309.160400390625,178.361328125,0.9038244485855104,381.2570190429688,193.07278442382807,0.6780610084533691,315.79254150390625,203.7296295166016,0.6916050910949707,361.2625732421875,196.55096435546875,0.3505508601665497,331.4655456542969,216.8209228515625,0.975839614868164,361.3079528808594,223.1667938232422,0.9660825729370116,306.6405944824219,264.7528991699219,0.9223141670227052,326.1098937988281,270.9294738769531,0.8773705363273621,316.9331970214844,318.11163330078125,0.7933347225189209,331.4502868652344,324.0978088378906,0.724934458732605
23,365.4935302734375,139.94757080078125,0.0237946826964616,364.6002502441406,136.13912963867188,0.0333317145705223,367.0505676269531,136.4672393798828,0.0058291708119213,355.707275390625,135.75955200195312,0.8475030660629272,377.22509765625,139.91787719726562,0.6079105734825134,339.044189453125,148.77780151367188,0.9739983081817628,383.3482360839844,161.80154418945312,0.9753870964050292,308.69598388671875,178.36990356445312,0.927436351776123,379.80511474609375,205.11575317382807,0.9264105558395386,317.46435546875,205.5943603515625,0.7975522875785828,379.5698547363281,229.166732788086,0.7836328744888306,332.6133117675781,214.28952026367188,0.9701412916183472,361.5602722167969,222.30612182617188,0.9696229696273804,300.9582824707031,256.68133544921875,0.8193621039390564,328.6705017089844,268.756591796875,0.8033411502838135,291.9389953613281,306.0191650390625,0.4864562451839447,329.6174621582031,320.63201904296875,0.4620073735713959
24,362.4959106445313,138.0916290283203,0.027016706764698,361.6399841308594,134.40740966796875,0.0365897081792354,363.8550109863281,134.4974822998047,0.0075422278605401,353.5732116699219,134.83705139160156,0.813798189163208,374.4299926757813,137.97860717773438,0.6044630408287048,338.99334716796875,150.93792724609375,0.9749053120613098,382.2430114746094,160.24234008789062,0.9748183488845824,309.3977355957031,179.4139862060547,0.9286630749702454,383.9107360839844,200.5370483398437,0.9173787832260132,317.6612854003906,204.61279296875,0.8052988648414612,382.297607421875,228.80776977539065,0.769278347492218,340.1661071777344,219.9957275390625,0.9710348844528198,366.728515625,224.6053009033203,0.969532549381256,317.4961242675781,264.9317932128906,0.8362376689910889,334.28570556640625,267.47625732421875,0.8144481778144836,326.2289733886719,314.27325439453125,0.5393301844596863,332.74371337890625,314.62213134765625,0.5106074810028076
25,351.451171875,136.9159698486328,0.0485947057604789,351.8568725585937,133.1642608642578,0.0946063250303268,353.11212158203125,133.1939697265625,0.005869276355952,352.82354736328125,134.105224609375,0.9058831930160522,373.9516906738281,137.4199981689453,0.4414779543876648,339.9776916503906,150.2418670654297,0.9730708003044128,384.01806640625,161.30740356445312,0.965243935585022,313.3289794921875,181.98524475097656,0.924068808555603,386.169677734375,208.124252319336,0.8481479287147522,319.29217529296875,204.25961303710932,0.7815790176391602,384.8853759765625,231.103759765625,0.6325455904006958,344.5703125,218.01724243164065,0.9660543203353882,370.537109375,225.60574340820312,0.9593552350997924,312.881591796875,252.10867309570312,0.8400980830192566,332.82763671875,269.1957702636719,0.7940852046012878,301.0278015136719,302.9274597167969,0.5574455261230469,339.4891357421875,322.42950439453125,0.495139867067337
26,351.5140991210937,138.75082397460938,0.0975714996457099,351.8879089355469,134.6699676513672,0.1464013010263443,352.6724853515625,134.74337768554688,0.0154791539534926,354.5948791503906,135.2341766357422,0.8935104012489319,373.5174255371094,137.03614807128906,0.4379391968250274,344.7012939453125,154.64329528808594,0.9731682538986206,384.1085815429688,160.22378540039062,0.9695844650268556,317.0452575683594,183.01206970214844,0.9318808913230896,388.9817810058594,201.44497680664065,0.8965312242507935,329.4906616210937,211.25421142578125,0.8058132529258728,389.9714965820313,230.05291748046875,0.7322460412979126,350.7409973144531,223.21273803710932,0.9210190176963806,376.8182067871094,225.653076171875,0.9137267470359802,322.0585327148437,256.69696044921875,0.4246521890163421,343.52691650390625,261.7599182128906,0.3813432455062866,334.0138244628906,299.25933837890625,0.1272834837436676,351.9346923828125,298.53741455078125,0.1146105080842971
27,350.22686767578125,141.67393493652344,0.424130916595459,351.5576477050781,136.90585327148438,0.3640705049037933,351.9008178710937,137.06631469726562,0.0337922349572181,357.33453369140625,137.83309936523438,0.8225647211074829,373.4336853027344,140.0093231201172,0.1704055815935135,345.875732421875,158.78607177734375,0.960070013999939,379.0294799804688,161.28929138183594,0.8272380828857422,326.5206298828125,190.11605834960932,0.9127988815307616,354.6117553710937,194.57205200195312,0.3577011227607727,342.73663330078125,217.39871215820312,0.8211354613304138,344.81964111328125,216.55889892578125,0.2755001485347748,362.6077575683594,228.795150756836,0.937521517276764,384.5969543457031,230.6924743652344,0.8493261337280273,298.8568420410156,240.49984741210932,0.923557460308075,311.3907775878906,238.19021606445312,0.7888345718383789,246.0572052001953,291.5402526855469,0.8672985434532166,256.8126220703125,286.42388916015625,0.7437410950660706
28,349.1195068359375,144.68905639648438,0.6462481617927551,350.1742248535156,140.03680419921875,0.6574389338493347,350.5375061035156,140.2760772705078,0.0581437796354293,360.06268310546875,139.9245147705078,0.9424766898155212,370.9450073242188,140.2621612548828,0.240148440003395,352.2606811523437,160.8647003173828,0.9220579862594604,379.6007080078125,161.58596801757812,0.8160989284515381,336.21466064453125,193.3208923339844,0.8911668658256531,365.6692504882813,196.5814971923828,0.5348296761512756,343.4988098144531,217.16293334960932,0.827509343624115,352.0355224609375,214.79135131835932,0.4519587159156799,367.6545104980469,230.2076110839844,0.9300564527511596,383.5582275390625,229.426025390625,0.8864918947219849,303.76806640625,240.5549774169922,0.9055834412574768,312.0117492675781,234.29733276367188,0.8413133025169373,257.4981384277344,294.11260986328125,0.8271440267562866,262.11676025390625,284.5496826171875,0.7712770104408264
29,350.0281066894531,146.32472229003906,0.7260323762893677,352.8893737792969,141.89480590820312,0.7654030919075012,349.99908447265625,141.6793975830078,0.1329066008329391,365.039306640625,143.67660522460938,0.9346786141395568,371.3226318359375,142.7740478515625,0.2786396741867065,354.72528076171875,169.6344757080078,0.9026947021484376,385.662109375,167.19985961914062,0.8325968384742737,345.71368408203125,210.82850646972656,0.8258149027824402,391.970947265625,204.8770446777344,0.5410714149475098,340.08319091796875,220.3469696044922,0.747918963432312,360.537353515625,216.7787322998047,0.4381918013095855,364.12548828125,229.6978759765625,0.9074895977973938,381.5397338867188,228.83102416992188,0.8763854503631592,308.39239501953125,241.68582153320312,0.8953061699867249,314.9091186523437,236.472412109375,0.8515218496322632,267.5837707519531,299.49969482421875,0.8261939287185669,272.0216979980469,291.89239501953125,0.7913413643836975
30,354.1262512207031,149.01976013183594,0.9326797127723694,357.91876220703125,145.2032470703125,0.9478310346603394,355.0933837890625,144.42245483398438,0.2608790993690491,371.2986145019531,147.5625762939453,0.947997272014618,373.11376953125,146.0006103515625,0.2663220167160034,365.2322387695313,169.5236358642578,0.9275671243667604,386.7570190429688,169.49441528320312,0.8471682071685791,338.88311767578125,189.1288299560547,0.8847273588180542,385.7878723144531,197.222885131836,0.5617366433143616,321.17828369140625,196.67965698242188,0.8145611882209778,343.0658264160156,194.6883544921875,0.4696719646453857,370.9722900390625,230.9622344970703,0.921664535999298,382.6648254394531,230.1851806640625,0.8820687532424927,312.95654296875,241.4872131347656,0.8675293326377869,318.7161560058594,235.0072631835937,0.7927078604698181,276.9285583496094,296.4261474609375,0.746441662311554,292.3786926269531,289.4708557128906,0.6816954612731934
32,365.1847229003906,161.54637145996094,0.8646998405456543,369.8695068359375,158.0934600830078,0.902048885822296,366.2857971191406,157.0584716796875,0.1495691388845443,383.4132690429688,162.5222930908203,0.9242700934410096,372.9365234375,157.73367309570312,0.1213504523038864,394.1961364746094,191.011474609375,0.9248377084732056,377.6325988769531,175.49327087402344,0.8584480881690979,389.8677368164063,222.6263885498047,0.6109930276870728,356.1939392089844,183.0613250732422,0.2391678839921951,361.6263122558594,223.57907104492188,0.4000068008899688,337.5115966796875,193.35728454589844,0.1654902398586273,386.4521789550781,241.8619384765625,0.7609896659851074,376.8966369628906,231.43679809570312,0.6897273659706116,344.87530517578125,250.5741271972656,0.5667027235031128,341.454345703125,235.4378967285156,0.4124216139316559,341.9778137207031,295.8341369628906,0.3859069049358368,337.4139404296875,286.8426513671875,0.2868384420871734
33,372.6378784179688,164.2520751953125,0.9058793783187866,378.59033203125,161.5908966064453,0.9538118243217468,372.3746643066406,159.6960906982422,0.4570158421993255,392.1837158203125,165.80953979492188,0.95810204744339,372.12799072265625,159.1417236328125,0.1046273708343505,401.8788757324219,188.9596710205078,0.957480251789093,371.2110595703125,176.6626739501953,0.8471499681472778,409.30657958984375,223.3935546875,0.9178701639175416,359.5475769042969,193.9008178710937,0.3478638827800751,369.4579772949219,221.75303649902344,0.8667992949485779,346.2562255859375,201.8253173828125,0.3166410624980926,384.6900634765625,234.46278381347656,0.8296272158622742,364.881103515625,223.48748779296875,0.6859797835350037,337.4396057128906,247.0733337402344,0.5097681283950806,328.6668701171875,237.10110473632807,0.2743469774723053,327.05010986328125,291.46173095703125,0.2576387822628021,325.7519226074219,282.027099609375,0.1462135463953018
34,379.3331604003906,167.49061584472656,0.9227107763290404,384.5232543945313,163.72630310058594,0.9369017481803894,380.0357055664063,163.1266632080078,0.4410145282745361,400.1607666015625,168.28172302246094,0.9094725251197816,380.2162780761719,162.79135131835938,0.1163406819105148,410.0076599121094,193.1043243408203,0.9469374418258668,384.776611328125,183.18240356445312,0.8642675280570984,408.4558410644531,228.95391845703125,0.8479705452919006,375.4097900390625,207.9197998046875,0.3092094361782074,376.8556518554688,221.86997985839844,0.7521016001701355,365.1192932128906,216.6246337890625,0.275704026222229,396.9905700683594,243.9641876220703,0.8681325912475586,379.6597900390625,233.61376953125,0.7876874804496765,358.2880554199219,251.19448852539065,0.8072946667671204,346.19122314453125,234.86019897460932,0.6367361545562744,341.1893310546875,304.639892578125,0.7019357681274414,330.98974609375,283.0143737792969,0.5570659637451172
35,387.6166076660156,171.33041381835938,0.9710668921470642,392.9087829589844,168.15115356445312,0.9756715297698976,386.7944946289063,166.8080596923828,0.7229856848716736,405.309814453125,170.2702178955078,0.9452998638153076,386.9291076660156,166.82855224609375,0.1446578949689865,416.6531677246094,196.07455444335932,0.967549741268158,387.6851196289063,187.19107055664065,0.9244484305381776,422.8608703613281,234.91146850585932,0.9340328574180604,378.2945556640625,208.65994262695312,0.6108805537223816,392.62994384765625,222.21255493164065,0.909854769706726,367.1327819824219,215.5599365234375,0.5700581669807434,395.85980224609375,240.9363555908203,0.953171730041504,374.8411254882813,233.2421417236328,0.9232824444770812,356.6775207519531,258.05828857421875,0.9279587864875792,333.1619873046875,248.86627197265625,0.8599569201469421,352.9960327148437,324.7586669921875,0.8449424505233765,341.8489685058594,311.9197998046875,0.7665151357650757
36,395.3309326171875,173.7760009765625,0.9630383253097534,400.6510009765625,170.6845245361328,0.9619255065917968,394.8861083984375,169.623291015625,0.7318769097328186,413.7932434082031,172.75648498535156,0.881048321723938,397.3777160644531,170.27029418945312,0.1674214303493499,415.789794921875,197.7445373535156,0.9411840438842772,400.2240295410156,190.95318603515625,0.92257559299469,408.6973876953125,227.00128173828125,0.8550105094909668,380.8640441894531,210.37176513671875,0.6849645376205444,384.55072021484375,218.74789428710932,0.8130724430084229,366.1743774414063,217.40188598632807,0.6259393095970154,397.0995178222656,238.92225646972656,0.9390944838523864,382.531005859375,232.5428924560547,0.927168309688568,354.88214111328125,254.80328369140625,0.918529748916626,335.2514038085937,246.129150390625,0.8834336400032043,354.6843566894531,330.4945068359375,0.8543063998222351,349.4666442871094,314.3441772460937,0.8183056116104126
37,398.1550598144531,174.53106689453125,0.8611876964569092,404.09710693359375,170.9488525390625,0.8598435521125793,396.3089294433594,170.372802734375,0.464791864156723,418.6322937011719,173.8918914794922,0.7497575283050537,399.8828430175781,170.15855407714844,0.1537822186946869,425.8325805664063,200.50392150878903,0.9443652033805848,400.0646057128906,189.1500244140625,0.93614000082016,431.0188598632813,237.1434936523437,0.9180077314376832,383.3280944824219,209.2577667236328,0.8384631872177124,408.2178955078125,222.9589385986328,0.910950779914856,369.3481140136719,215.11248779296875,0.8307992815971375,402.05224609375,239.59767150878903,0.9519174695014954,381.6214904785156,230.9718017578125,0.9466230273246764,362.1935729980469,253.26437377929688,0.9531160593032836,343.79510498046875,243.74362182617188,0.9348819851875304,362.7048645019531,331.3765869140625,0.9194106459617616,356.32049560546875,315.9239807128906,0.8980785608291626
38,406.55963134765625,177.8103485107422,0.979594886302948,411.9184875488281,174.47506713867188,0.9862624406814576,406.1589965820313,173.39495849609375,0.8272896409034729,426.3108520507813,176.35208129882812,0.975527048110962,405.9581909179688,172.57223510742188,0.1985226720571518,434.4952392578125,199.775634765625,0.973393976688385,401.8758239746094,190.16485595703125,0.9720005989074708,435.0746765136719,234.697006225586,0.9404093027114868,382.8547668457031,208.62774658203125,0.9044725298881532,411.1067504882813,217.0590057373047,0.930052936077118,372.4005432128906,216.17999267578125,0.887477457523346,405.4862365722656,240.82676696777344,0.9681329727172852,383.17681884765625,231.96990966796875,0.966397762298584,373.2427368164063,259.4294128417969,0.9477981328964232,349.8094177246094,242.9893493652344,0.9350630044937134,360.8131103515625,318.9093017578125,0.8891904950141907,357.1286315917969,305.0054931640625,0.8748123645782471
39,414.9653930664063,178.31939697265625,0.778186559677124,418.3719177246094,175.92202758789062,0.862407922744751,415.80419921875,174.56253051757812,0.3894230127334595,424.0831909179688,178.57363891601562,0.8706328868865967,423.72760009765625,177.17453002929688,0.1925304979085922,412.9531555175781,193.0262756347656,0.936411678791046,429.71685791015625,197.1886749267578,0.9124590158462524,389.8749694824219,217.92030334472656,0.8156294822692871,433.5019226074219,229.5118865966797,0.5702176690101624,381.16943359375,216.92303466796875,0.71670001745224,416.3852844238281,217.44406127929688,0.4498820006847381,394.4021911621094,232.7520446777344,0.9208548069000244,402.5552368164063,231.19464111328125,0.9026597142219543,370.2604370117188,258.997314453125,0.9065938591957092,364.53021240234375,243.3250732421875,0.8537964224815369,367.5524291992188,309.8109436035156,0.8522083163261414,362.7743835449219,293.44384765625,0.8041771054267883
40,419.17327880859375,181.6298065185547,0.900779664516449,423.9312744140625,180.1547393798828,0.9282392859458924,420.0562744140625,178.19862365722656,0.6143074631690979,432.4939575195313,184.69119262695312,0.866980791091919,420.1239013671875,179.8757781982422,0.2660790681838989,432.6955871582031,203.09066772460932,0.8998305201530457,409.4820251464844,192.6964569091797,0.9260018467903136,428.5196228027344,227.3951110839844,0.6109766960144043,386.9680480957031,208.561279296875,0.7126466631889343,428.02545166015625,199.6465759277344,0.5117861032485962,382.3784484863281,209.27767944335932,0.5903494954109192,401.7548828125,232.8199462890625,0.6638322472572327,389.5326232910156,225.69381713867188,0.7019091248512268,359.00555419921875,224.01821899414065,0.327523797750473,358.0555419921875,219.4396209716797,0.3279627561569214,363.5095825195313,269.00762939453125,0.176996573805809,364.3503112792969,267.17291259765625,0.1779834777116775
41,425.9388732910156,187.2349853515625,0.9576383233070374,431.2733154296875,185.53424072265625,0.9682828187942504,425.41650390625,183.18377685546875,0.870983898639679,438.3836059570313,189.81478881835932,0.907967209815979,422.64459228515625,182.53128051757807,0.3185716271400451,438.838623046875,212.2357177734375,0.9636443853378296,410.28900146484375,195.1212158203125,0.963826596736908,438.0296325683594,242.59597778320312,0.92057204246521,387.31591796875,208.7113037109375,0.8916605710983276,440.7213134765625,218.00192260742188,0.9081430435180664,392.4119262695313,204.54470825195312,0.8645074367523193,405.4166870117188,238.9525909423828,0.9418297410011292,386.4189453125,229.0640869140625,0.9402788877487184,367.0763549804688,216.1951904296875,0.894897997379303,363.558349609375,210.2339630126953,0.8772506713867188,368.59417724609375,280.9386901855469,0.829629123210907,366.5808715820313,274.6958312988281,0.8118278980255127
42,428.905517578125,189.00181579589844,0.9684702157974244,435.4964904785156,188.18865966796875,0.9770174026489258,428.2427978515625,184.4092254638672,0.9061137437820436,441.9895935058594,194.7397918701172,0.9091541171073914,424.7850646972656,184.25982666015625,0.3750096261501312,440.2485656738281,214.0529327392578,0.960374355316162,412.0511474609375,197.44119262695312,0.962242841720581,443.2549743652344,239.35836791992188,0.9063095450401306,389.2310791015625,206.5938415527344,0.8920248746871948,444.8428039550781,217.98175048828125,0.8940139412879944,397.012939453125,202.91275024414065,0.8661009073257446,405.552734375,240.79928588867188,0.9320443868637084,386.9949035644531,230.63894653320312,0.9317655563354492,374.3715515136719,227.2589874267578,0.8654605746269226,365.2096252441406,212.8519744873047,0.8503059148788452,375.34417724609375,283.1207275390625,0.7807827591896057,372.6763305664063,274.599365234375,0.7671761512756348
43,432.3464965820313,188.25979614257807,0.9575710892677308,438.672119140625,188.00198364257807,0.968123495578766,431.6199951171875,184.284912109375,0.9113897681236268,444.9364929199219,194.45431518554688,0.8008489012718201,428.1837158203125,183.48324584960932,0.4021419286727905,441.8374633789063,213.6539001464844,0.9477226734161376,416.535888671875,194.61862182617188,0.9361069798469543,443.1969604492188,238.6400146484375,0.8634710907936096,395.0581970214844,205.17398071289065,0.8131957054138184,447.4998474121094,220.6763153076172,0.8248539566993713,405.5985412597656,201.5673065185547,0.7797366976737976,411.0660095214844,237.30569458007807,0.793549120426178,395.0838012695313,227.0975799560547,0.776246190071106,400.5435180664063,252.44119262695312,0.4343190193176269,381.3153076171875,238.75694274902344,0.3884836137294769,390.6954650878906,269.8553771972656,0.2254978418350219,378.6530456542969,265.3123779296875,0.2030156701803207
47,440.0223388671875,188.3935089111328,0.8960564136505127,445.5680541992188,187.9966278076172,0.8761201500892639,438.7428588867188,183.87440490722656,0.859715461730957,447.4951477050781,194.5731811523437,0.4579692482948303,433.8276672363281,183.06576538085932,0.4369613826274872,445.89556884765625,213.62673950195312,0.9031375646591188,417.8288269042969,196.27325439453125,0.8523366451263428,447.5094604492188,241.06674194335932,0.6426123976707458,399.3903503417969,220.88999938964844,0.4078254401683807,450.3413696289063,226.8951873779297,0.5120477080345154,397.8244018554688,239.7598571777344,0.3148254156112671,411.2698364257813,233.4589233398437,0.5404505133628845,395.9385681152344,221.93017578125,0.4729422628879547,396.2935791015625,233.8287506103516,0.2721399664878845,390.23248291015625,210.56182861328125,0.2062700390815735,387.1603698730469,245.80667114257807,0.2161187082529068,385.1637268066406,236.55084228515625,0.1803020685911178
49,440.0758361816406,190.0922393798828,0.8356930017471313,445.581787109375,189.7647857666016,0.7138386964797974,439.3137817382813,184.5475311279297,0.8037583231925964,449.89166259765625,197.03131103515625,0.2750103175640106,432.8821105957031,184.47506713867188,0.4901477992534637,448.4537963867188,215.6808624267578,0.8185926675796509,414.6636962890625,192.26258850097656,0.9280053377151488,450.5158081054688,240.17979431152344,0.5465011596679688,394.860107421875,219.821044921875,0.879791259765625,454.5597229003906,234.00787353515625,0.5677976012229919,391.02532958984375,259.0626220703125,0.8393206596374512,430.3219604492188,238.7971649169922,0.5385451912879944,408.7955017089844,229.1559295654297,0.6683821678161621,435.7525634765625,267.5330505371094,0.2169590294361114,408.1106872558594,247.44737243652344,0.3320904672145843,419.84765625,260.16357421875,0.1565587520599365,397.6083679199219,257.7768249511719,0.2314528822898864
50,441.1012573242188,191.1908416748047,0.7971915006637573,446.2206726074219,190.47769165039065,0.7020185589790344,440.4733581542969,186.29103088378903,0.7522280216217041,451.28411865234375,195.59576416015625,0.3638749122619629,435.57232666015625,184.57470703125,0.6111531257629395,447.0997924804688,213.8700408935547,0.9050148725509644,417.3168029785156,193.1420135498047,0.9558138847351074,449.1238403320313,242.11550903320312,0.6822623610496521,396.7873840332031,222.19371032714844,0.9068770408630372,452.7682495117188,224.2632293701172,0.6283440589904785,391.46435546875,259.9794006347656,0.8423150777816772,433.3533325195313,251.41891479492188,0.8465701937675476,413.8077697753906,244.31072998046875,0.893016517162323,440.0292053222656,293.0763244628906,0.4596527218818664,426.6574096679688,287.882568359375,0.581395149230957,421.5815124511719,323.4971923828125,0.1952559500932693,407.4449157714844,322.29705810546875,0.2603647708892822
51,439.29290771484375,190.404296875,0.7574543952941895,444.0987243652344,189.7828063964844,0.5838952660560608,439.59954833984375,185.8695068359375,0.6336909532546997,448.5695190429688,194.4573974609375,0.2527044117450714,437.1112060546875,184.3685913085937,0.4731940925121307,447.3843994140625,209.6570587158203,0.7917979955673218,418.0137939453125,190.7415008544922,0.940415620803833,444.4443054199219,234.60401916503903,0.3545570373535156,400.3839111328125,222.6039581298828,0.8684636950492859,434.5200500488281,258.8173217773437,0.3274860084056854,391.489501953125,261.98858642578125,0.7668161988258362,430.5511779785156,240.4511566162109,0.5913659930229187,410.5317687988281,233.4332275390625,0.7587446570396423,434.8648681640625,275.3549194335937,0.2479523867368698,413.13323974609375,265.437744140625,0.4147252738475799,427.55029296875,282.4299011230469,0.1585419476032257,401.6313781738281,280.444580078125,0.2527618408203125
52,442.8286437988281,199.43731689453125,0.1850061416625976,444.0520324707031,196.4241943359375,0.0430837981402874,444.0569763183594,195.58999633789065,0.1324689984321594,432.444580078125,188.8002319335937,0.2223988324403762,446.8904418945313,194.7682647705078,0.5759804248809814,413.4370422363281,193.7645874023437,0.9228557348251344,433.0908508300781,206.36016845703125,0.944457232952118,390.2567138671875,224.1280212402344,0.7361827492713928,428.1328125,239.1722412109375,0.8697680234909058,389.6939697265625,261.46368408203125,0.513221025466919,412.2569274902344,251.13668823242188,0.7010148167610168,407.3737182617188,250.4100341796875,0.9413523077964784,420.9918212890625,255.59376525878903,0.9492443203926086,434.6678466796875,298.0514221191406,0.8044007420539856,438.5516052246094,305.58575439453125,0.8382559418678284,400.28558349609375,349.7577209472656,0.6038818359375,395.75091552734375,354.1822509765625,0.6372412443161011
53,447.6837158203125,198.728515625,0.3101156055927276,449.7003479003906,195.13937377929688,0.0793333873152732,447.80963134765625,194.77133178710932,0.3813588917255401,439.8633117675781,190.8198089599609,0.0789171382784843,441.7810668945313,191.36973571777344,0.7324926853179932,423.1844787597656,193.3541259765625,0.6387078166007996,423.6384887695313,200.5998992919922,0.923823356628418,401.8768615722656,218.6049652099609,0.1316834986209869,397.6153564453125,226.46548461914065,0.8470034003257751,408.00482177734375,240.1914520263672,0.1225361078977584,393.6091613769531,257.796142578125,0.7000568509101868,403.83209228515625,223.4488525390625,0.7278047204017639,405.8235778808594,228.236557006836,0.8798477053642273,412.0142517089844,254.37139892578125,0.6430711150169373,419.0958251953125,259.3099060058594,0.8434186577796936,384.4350891113281,274.93023681640625,0.6446526646614075,384.0426940917969,279.8641967773437,0.8036144375801086
55,434.1999816894531,190.24269104003903,0.34695565700531,436.5176696777344,189.22067260742188,0.3016775548458099,434.7904357910156,187.7277374267578,0.1832778304815292,437.34381103515625,192.9354553222656,0.4356539845466614,445.0604248046875,197.15200805664065,0.2624138295650482,419.7855529785156,199.14781188964844,0.9419831037521362,438.1882934570313,211.17205810546875,0.9179257750511168,402.3785095214844,204.3770751953125,0.8317208886146545,417.7139892578125,223.36395263671875,0.6204346418380737,391.4007263183594,216.9786071777344,0.6998228430747986,391.2741088867188,222.1656188964844,0.4693266749382019,400.38470458984375,227.3146514892578,0.9424776434898376,414.0345458984375,232.3497314453125,0.9273269772529602,390.0367736816406,251.08290100097656,0.8923824429512024,400.7872924804688,257.62091064453125,0.8435990214347839,375.71624755859375,278.37310791015625,0.8198636770248413,381.639404296875,280.0809020996094,0.7651863694190979
56,433.0391845703125,195.72412109375,0.0344353020191192,433.3175354003906,193.433334350586,0.0287288054823875,433.9939575195313,193.4220123291016,0.0210170559585094,428.0960998535156,193.634033203125,0.3074608445167541,443.9351806640625,200.4348297119141,0.461983323097229,412.0513916015625,200.21743774414065,0.9438251256942748,442.9994812011719,214.9417724609375,0.9423007369041444,391.6852722167969,216.7309417724609,0.8039647340774536,446.5566101074219,241.6812896728516,0.788921058177948,406.6116027832031,207.981689453125,0.5950887799263,448.498779296875,244.45486450195312,0.5493213534355164,395.758056640625,226.16294860839844,0.957388997077942,416.4078369140625,234.833236694336,0.9552006125450134,390.4378967285156,253.671630859375,0.901738464832306,409.6614685058594,272.2579650878906,0.8897761106491089,373.1487121582031,283.16650390625,0.8165318369865417,384.2427673339844,287.2076416015625,0.7989187836647034
57,435.9112854003906,193.62075805664065,0.0222574546933174,435.5718078613281,190.96121215820312,0.0163080301135778,437.5513305664063,191.20123291015625,0.0116320727393031,428.1859130859375,191.044662475586,0.4204519391059875,442.2821044921875,199.23193359375,0.4681749045848846,410.47943115234375,199.58746337890625,0.9453740119934082,440.70703125,214.759765625,0.9451786279678344,390.35540771484375,218.0731811523437,0.7900960445404053,445.6924133300781,241.9434051513672,0.7854891419410706,385.2351684570313,222.9872589111328,0.5760051012039185,448.7643432617188,225.5739898681641,0.5466309189796448,394.3565368652344,227.47213745117188,0.9506294131278992,413.6680908203125,234.7596435546875,0.9486514329910278,385.7311096191406,260.0882263183594,0.8898518681526184,395.57818603515625,267.3598022460937,0.8746470808982849,366.8768310546875,290.8157958984375,0.7837778329849243,372.5963439941406,292.9395751953125,0.7613566517829895
58,434.2110595703125,197.52430725097656,0.0159106403589248,433.6112976074219,194.64698791503903,0.011218830011785,435.955810546875,195.3739471435547,0.0067818206734955,425.8294982910156,194.21533203125,0.5056242942810059,442.5601501464844,202.40997314453125,0.4700023233890533,409.3494567871094,202.75070190429688,0.9571442008018494,440.5054626464844,216.4293670654297,0.9501380324363708,386.3124694824219,221.5680694580078,0.864812970161438,442.9271545410156,243.67909240722656,0.8141911625862122,402.7936706542969,203.7009429931641,0.6934459805488586,449.5785217285156,255.57501220703125,0.5962406992912292,393.0206909179688,232.4205322265625,0.958721935749054,413.095703125,238.8418731689453,0.953192412853241,384.9544677734375,264.43017578125,0.8909787535667419,400.3846435546875,268.8431396484375,0.866334080696106,363.32275390625,294.3884582519531,0.7612367272377014,373.8756103515625,293.7278747558594,0.7272805571556091
59,433.2279052734375,197.50587463378903,0.020541027188301,433.464599609375,194.94320678710932,0.0176551789045333,434.86859130859375,194.5191650390625,0.0072125666774809,425.9958801269531,192.98133850097656,0.291227638721466,441.0855712890625,201.9529266357422,0.3417401611804962,408.9364929199219,199.6284637451172,0.931455671787262,439.8876953125,216.82028198242188,0.9036922454833984,389.53900146484375,215.7760772705078,0.8082374930381775,443.6266174316406,239.4457550048828,0.6126915812492371,383.9273681640625,226.7486267089844,0.6277739405632019,445.9534606933594,221.4217529296875,0.4023439288139343,393.6636657714844,230.99514770507807,0.9405945539474488,412.922607421875,240.1070709228516,0.9258176684379578,384.466552734375,264.3187561035156,0.8793671727180481,394.50872802734375,273.0211181640625,0.8285374045372009,360.6759948730469,298.58154296875,0.7635982036590576,366.18109130859375,301.12066650390625,0.6994253396987915
62,438.4147033691406,206.391830444336,0.0389994122087955,437.8689270019531,203.66616821289065,0.0154480161145329,439.7712097167969,204.06919860839844,0.0214995965361595,423.7399597167969,196.1852569580078,0.3162803053855896,439.2967224121094,203.19235229492188,0.6230238676071167,405.4187622070313,198.9793243408203,0.9485726356506348,434.4542236328125,209.41079711914065,0.9592424631118774,380.4900512695313,219.78717041015625,0.816881000995636,438.4067687988281,242.182846069336,0.8947309255599976,393.7624816894531,221.64730834960932,0.612524151802063,441.1522216796875,220.6179962158203,0.7182756662368774,393.6000061035156,234.5821533203125,0.9645681381225586,417.0842590332031,240.214096069336,0.9674949645996094,380.1853637695313,277.423095703125,0.9000750780105591,427.5576477050781,286.9482421875,0.9096190929412842,357.7461242675781,320.6701354980469,0.7930455207824707,412.6897583007813,332.8719787597656,0.8031591176986694
64,431.8088684082031,203.1422271728516,0.0272547006607055,432.2987060546875,200.15272521972656,0.0159190706908702,433.12799072265625,199.62484741210932,0.0151290530338883,423.7070007324219,197.7011108398437,0.1658141762018203,435.8728332519531,203.50729370117188,0.5145582556724548,402.4729919433594,203.0926055908203,0.92839378118515,433.01849365234375,214.25454711914065,0.9229617118835448,385.1257934570313,221.49517822265625,0.7314552068710327,439.3695373535156,242.642333984375,0.6939253211021423,384.1374816894531,223.9114990234375,0.5059301257133484,442.07659912109375,229.4356384277344,0.4396618902683258,389.9151916503906,236.25564575195312,0.9570398330688475,413.8446350097656,242.3013458251953,0.9539649486541748,374.85101318359375,284.8490905761719,0.923862636089325,419.56353759765625,290.93707275390625,0.9128365516662598,352.3214416503906,328.3106689453125,0.8417757153511047,406.1538391113281,333.46832275390625,0.8239412307739258
66,430.205810546875,203.1936492919922,0.2006074637174606,429.4907836914063,200.74581909179688,0.1103090941905975,432.3831787109375,200.58041381835932,0.0720917731523513,421.3562622070313,196.8192749023437,0.3850362002849579,436.30670166015625,204.66510009765625,0.5567781925201416,400.2794494628906,202.07830810546875,0.9046172499656676,432.5239562988281,215.17559814453125,0.9499002695083618,381.6754150390625,219.87506103515625,0.6608248353004456,438.0723876953125,244.06056213378903,0.8775737285614014,385.8126831054688,220.83419799804688,0.4650422930717468,439.8188171386719,219.66329956054688,0.6978335380554199,387.6077270507813,236.69862365722656,0.9471843838691713,412.8192138671875,243.85552978515625,0.961654543876648,373.6727600097656,286.3890380859375,0.8925211429595947,424.13671875,295.0276184082031,0.9209349751472472,350.271728515625,335.9867858886719,0.8070920705795288,401.05364990234375,346.6920166015625,0.8378782868385315
67,433.8135681152344,208.087646484375,0.0478114821016788,433.9234008789063,205.03097534179688,0.0161946713924407,434.6072692871094,205.78121948242188,0.0242120828479528,418.9640808105469,197.8805084228516,0.3674947917461395,434.8151550292969,205.365234375,0.6515536308288574,399.0668640136719,201.3664703369141,0.930593490600586,431.7646484375,213.87576293945312,0.9645586013793944,381.4150695800781,221.012939453125,0.6786698698997498,440.5758972167969,241.3621063232422,0.9158684015274048,386.5662841796875,222.93637084960932,0.4479362070560455,440.5033264160156,215.96893310546875,0.7587129473686218,385.5833740234375,237.9793243408203,0.9649686813354492,411.7503967285156,244.29595947265625,0.9751283526420592,370.8873291015625,287.07403564453125,0.9341763257980348,423.17193603515625,294.65283203125,0.95521080493927,344.6401672363281,336.33941650390625,0.8853710293769836,400.7950439453125,343.60430908203125,0.9112133979797364
68,432.8342895507813,207.094467163086,0.1112071275711059,432.16998291015625,204.15896606445312,0.0671918019652366,433.7192993164063,204.7038726806641,0.0937903448939323,419.2612915039063,197.46041870117188,0.6506724953651428,434.5872497558594,204.75523376464844,0.6415297389030457,396.5216369628906,203.4223022460937,0.8806061148643494,431.7801513671875,215.5804443359375,0.9390303492546082,376.8198852539063,221.2655029296875,0.743553638458252,441.77239990234375,242.2491149902344,0.8936118483543396,388.7539978027344,223.94418334960932,0.6618791222572327,439.3392333984375,217.4107360839844,0.811971127986908,383.6482238769531,240.11622619628903,0.9479454159736632,409.0910949707031,246.1772308349609,0.9618414640426636,365.7137756347656,290.77490234375,0.9200603365898132,419.2665710449219,298.5206298828125,0.9391565322875975,340.3065185546875,342.52569580078125,0.8492255806922913,394.033447265625,349.6398010253906,0.8701508045196533
69,433.1043701171875,206.5725555419922,0.103667177259922,432.4234619140625,203.50827026367188,0.0610633045434951,433.9956665039063,204.09713745117188,0.0839230567216873,419.7545776367188,197.58355712890625,0.6310755014419556,434.9732666015625,204.47174072265625,0.632479190826416,396.9017639160156,203.76779174804688,0.8847236633300781,432.0069885253906,215.59591674804688,0.9381431937217712,376.17095947265625,221.68321228027344,0.7599135637283325,442.4776611328125,242.6156005859375,0.8920279741287231,384.9015197753906,223.6700897216797,0.6808134913444519,440.92864990234375,218.63546752929688,0.8108230233192444,383.05755615234375,241.43722534179688,0.9501611590385436,408.5851440429688,247.23248291015625,0.9624846577644348,363.3064575195313,294.39996337890625,0.9209851622581482,418.751953125,300.78826904296875,0.9381836652755736,338.4211730957031,348.3565368652344,0.8442830443382263,391.4575805664063,353.939453125,0.8638291954994202
70,433.0774536132813,205.894775390625,0.1052470132708549,432.3230285644531,202.6522521972656,0.0605902262032032,434.0814208984375,203.3531188964844,0.0725810751318931,419.6099853515625,197.19216918945312,0.6408615112304688,435.1782531738281,204.2193298339844,0.6236521005630493,396.3403015136719,204.4334259033203,0.863055944442749,433.11572265625,216.39157104492188,0.931632161140442,376.7160949707031,222.2127990722656,0.7011833786964417,442.8786010742188,242.2386474609375,0.8781853914260864,391.4320983886719,221.6376953125,0.6068154573440552,440.0679321289063,216.92361450195312,0.781394898891449,381.6828918457031,243.896484375,0.9442796111106871,407.8153076171875,249.44110107421875,0.9597357511520386,360.7653503417969,299.6864013671875,0.9167460799217224,418.907470703125,301.8587646484375,0.9372815489768982,333.543212890625,354.3851623535156,0.8403437733650208,389.7951049804688,356.4256286621094,0.863727331161499
71,431.700927734375,204.341796875,0.0908990427851677,430.4230651855469,201.4146270751953,0.0450181551277637,433.1545104980469,202.223373413086,0.0580171905457973,419.9546508789063,196.420654296875,0.6014615893363953,434.9837036132813,204.00555419921875,0.6399171948432922,397.2286071777344,202.8984222412109,0.8808724284172058,432.638427734375,217.0751495361328,0.93545264005661,376.5552062988281,220.8157501220703,0.7116494178771973,443.1120910644531,243.79034423828125,0.8839952349662781,388.55419921875,222.30435180664065,0.5953277349472046,440.71099853515625,220.714111328125,0.7920318841934204,381.27447509765625,245.2085876464844,0.9484054446220398,407.7384033203125,251.1422271728516,0.9609866142272948,357.825927734375,297.81866455078125,0.9211593866348268,419.9312133789063,301.9711303710937,0.939043402671814,330.7220764160156,350.293212890625,0.8511527180671692,391.2772216796875,355.4602355957031,0.8709926009178162
72,430.1394958496094,205.50680541992188,0.0926706492900848,429.0981140136719,202.69403076171875,0.0556900352239608,431.63775634765625,203.42686462402344,0.0618992559611797,419.7100830078125,196.6236267089844,0.6816195845603943,434.48291015625,204.39735412597656,0.6246698498725891,396.42822265625,202.5624237060547,0.8712465763092041,432.4966735839844,216.0464324951172,0.931775689125061,378.732666015625,218.08067321777344,0.7059699296951294,442.7488403320313,242.69256591796875,0.8840168118476868,403.1324462890625,206.64065551757807,0.5998814702033997,439.1705322265625,219.20274353027344,0.7950841784477234,380.4606323242188,243.19058227539065,0.945873200893402,407.31829833984375,249.1561737060547,0.9596045017242432,357.2938842773437,296.3716125488281,0.9142102003097534,419.1294860839844,301.3017883300781,0.9343346953392028,332.3151550292969,348.24591064453125,0.8333925604820251,392.4749450683594,354.8630065917969,0.8562084436416626
73,430.12060546875,207.89596557617188,0.0477366559207439,430.3296813964844,204.72140502929688,0.0246236324310302,430.9264831542969,205.3578491210937,0.021039817482233,418.19049072265625,197.95916748046875,0.4980770647525787,433.3430786132813,205.500732421875,0.6168196797370911,397.0027160644531,200.86654663085932,0.9263636469841005,429.80279541015625,213.8892517089844,0.9607541561126708,378.5382690429688,219.9580841064453,0.6565731167793274,441.726318359375,241.4583282470703,0.9045881032943726,396.6023254394531,209.73944091796875,0.4030338525772095,441.97259521484375,220.60885620117188,0.7169311046600342,379.077880859375,242.47933959960932,0.960928201675415,404.9207458496094,249.54879760742188,0.971760630607605,361.050537109375,290.1395874023437,0.9137113094329834,420.1551818847656,298.8171691894531,0.940597116947174,337.36639404296875,337.6285705566406,0.8415544629096985,395.5262145996094,347.6597595214844,0.8756334781646729
74,432.185302734375,206.83262634277344,0.0544636435806751,432.0020751953125,203.6142578125,0.0248271897435188,432.5348205566406,204.3918609619141,0.0328603684902191,417.9030456542969,196.93115234375,0.4145854711532593,434.016357421875,204.87384033203125,0.6354671120643616,397.4284973144531,200.2442169189453,0.9308556914329528,430.4332885742188,214.4967041015625,0.9584256410598756,377.1923828125,220.6849365234375,0.6877394914627075,440.3857727050781,241.9451141357422,0.8966054916381836,386.88616943359375,225.0088653564453,0.4256271123886108,440.5208129882813,218.1127471923828,0.700718104839325,379.9372253417969,241.385009765625,0.9552401900291444,406.1375427246094,249.01681518554688,0.9651344418525696,362.8530578613281,287.0043640136719,0.8724610805511475,421.1113586425781,298.8741149902344,0.9040866494178772,340.9261779785156,334.7879333496094,0.7457522749900818,396.5506286621094,347.1351318359375,0.7839718461036682
76,428.4523315429688,202.48736572265625,0.114858403801918,427.8815002441406,199.7298889160156,0.0758117660880088,430.5025939941406,200.15478515625,0.0354293994605541,420.2700805664063,195.6446075439453,0.4355834126472473,434.38323974609375,203.3285369873047,0.5166603326797485,398.3600463867188,200.82749938964844,0.9061467051506042,431.486083984375,215.5621032714844,0.9464163780212402,377.8374938964844,219.77789306640625,0.665133535861969,440.1154479980469,243.16845703125,0.853452205657959,382.6131896972656,226.74444580078125,0.4206941723823547,440.0870971679688,221.68865966796875,0.6032330393791199,380.1348876953125,242.15939331054688,0.9456769227981568,406.5577392578125,250.6732788085937,0.9584816098213196,359.084228515625,286.963623046875,0.8530421257019043,422.8089599609375,298.1693420410156,0.8836057186126709,333.0195617675781,333.900146484375,0.7161765694618225,398.9275512695313,346.9212646484375,0.7480481863021851
80,425.110595703125,202.1176605224609,0.0508269667625427,424.3728637695313,198.833984375,0.0421441681683063,425.96868896484375,200.5586853027344,0.0158528890460729,415.1807556152344,195.77224731445312,0.7951117753982544,431.5421752929688,203.9747009277344,0.6050332188606262,396.512451171875,201.4520874023437,0.9440803527832032,430.4204406738281,216.2626190185547,0.9644431471824646,377.5794982910156,221.69985961914065,0.7054721713066101,442.7208251953125,242.70831298828125,0.8829882144927979,383.3555603027344,223.0525054931641,0.4126324355602264,439.44427490234375,217.944564819336,0.6480799317359924,380.5895080566406,243.28970336914065,0.9524580836296082,406.5543212890625,250.18048095703125,0.961451530456543,359.0215759277344,287.5839233398437,0.8452926278114319,424.85748291015625,292.0131225585937,0.8753911256790161,336.56787109375,330.3639221191406,0.6574159264564514,424.1839599609375,332.8753662109375,0.697827160358429
81,423.475341796875,202.20880126953125,0.0799341276288032,423.007568359375,199.39358520507807,0.0508710034191608,426.1780700683594,199.733642578125,0.0156822614371776,416.6343078613281,195.8114318847656,0.4664151072502136,431.2283020019531,202.66357421875,0.4916752874851227,395.1881103515625,201.60287475585932,0.9167420864105223,429.6917724609375,215.6890563964844,0.954054355621338,375.2535400390625,220.4022216796875,0.6932518482208252,441.3585510253906,244.0147399902344,0.8731583952903748,380.4527587890625,222.056884765625,0.4455246925354004,438.6560974121094,220.0574951171875,0.6323684453964233,378.41845703125,244.0645751953125,0.9548317790031432,405.5948486328125,251.23373413085932,0.9661404490470886,357.39208984375,295.8905029296875,0.8833649158477783,421.91455078125,299.534912109375,0.9088005423545836,332.260986328125,347.0375366210937,0.7630068063735962,403.4833068847656,349.4481811523437,0.7947168350219727
82,425.3838195800781,202.24853515625,0.056828785687685,424.1554565429688,199.39303588867188,0.0360001884400844,427.22943115234375,200.20901489257807,0.0344309583306312,416.1021118164063,195.24105834960932,0.6536213755607605,431.9990234375,202.36734008789065,0.6036138534545898,394.5257873535156,203.10601806640625,0.9011334180831908,432.0623474121094,216.64694213867188,0.9359094500541688,374.9496765136719,221.7239227294922,0.7842457890510559,443.1206665039063,245.1201019287109,0.8826214075088501,384.6240539550781,221.29324340820312,0.6808203458786011,441.0099487304688,222.70721435546875,0.7931637763977051,380.2293395996094,245.3374481201172,0.9531663060188292,407.9645690917969,251.1883087158203,0.9611250162124634,356.0464172363281,298.0590209960937,0.9176424145698548,423.51556396484375,302.880615234375,0.930347740650177,328.8930053710937,350.0649108886719,0.8285773992538452,406.4427490234375,354.11541748046875,0.84398353099823
83,427.2801818847656,203.24786376953125,0.0810685753822326,426.1652221679688,200.4603271484375,0.0498813837766647,428.583251953125,201.1718597412109,0.0547211393713951,415.96435546875,196.2093811035156,0.6977638006210327,431.403564453125,202.9547119140625,0.6386611461639404,394.1968078613281,203.60333251953125,0.8794658184051514,430.8001708984375,215.88807678222656,0.9351354241371156,378.3215026855469,220.4906616210937,0.6981306672096252,443.5405578613281,242.19308471679688,0.8796641826629639,399.2646484375,209.6690673828125,0.5740135908126831,438.11029052734375,219.7740020751953,0.7796245217323303,379.59716796875,245.6509552001953,0.9432544708251952,407.6463317871094,250.862060546875,0.9575155377388,355.4183349609375,296.4695129394531,0.9091480374336244,427.1304321289063,299.9667053222656,0.9304390549659728,330.5097045898437,346.22528076171875,0.8301213383674622,424.3056640625,346.2309875488281,0.8536808490753174
84,427.3097229003906,203.557861328125,0.0713998153805732,426.0316162109375,200.5901641845703,0.0400355532765388,428.8049926757813,201.23367309570312,0.0459449999034404,415.5993957519531,196.2103271484375,0.6573886871337891,431.464599609375,202.5948486328125,0.6322641968727112,394.08154296875,203.89051818847656,0.8901805281639099,431.7493896484375,215.8222198486328,0.9365290999412536,375.695556640625,222.38075256347656,0.7347264289855957,443.08990478515625,242.697021484375,0.8822416663169861,384.09466552734375,221.40887451171875,0.6172266602516174,438.2711486816406,219.064208984375,0.78864985704422,380.0987854003906,244.95187377929688,0.9473385214805604,408.362060546875,249.9839630126953,0.9589799642562866,356.1733093261719,297.92315673828125,0.91292405128479,426.6844482421875,300.94189453125,0.930737555027008,329.55633544921875,350.14129638671875,0.8290963768959045,417.4161376953125,351.3060913085937,0.849636971950531
85,423.4536437988281,202.99951171875,0.0220471769571304,423.4801635742188,199.9168701171875,0.0099021401256322,425.4436645507813,199.4620361328125,0.0072201336733996,413.5024719238281,198.883529663086,0.2220409065485,431.00634765625,201.78651428222656,0.4681119918823242,394.2836608886719,202.439697265625,0.9002257585525513,431.62353515625,214.0222625732422,0.9051327109336852,373.55767822265625,221.3168182373047,0.7273563742637634,443.7219848632813,242.86297607421875,0.734659731388092,375.6935729980469,224.89813232421875,0.5482417345046997,441.8583984375,220.09078979492188,0.5141310691833496,377.3911743164063,240.1202087402344,0.9540059566497804,407.0732116699219,246.4882354736328,0.954585611820221,358.2010498046875,298.4537353515625,0.926486313343048,422.3579711914063,301.3569030761719,0.9209977984428406,329.1547546386719,350.9039001464844,0.8214499950408936,399.0722351074219,351.91607666015625,0.808713436126709
86,425.6141357421875,203.0086975097656,0.0668088942766189,424.3511657714844,200.04690551757807,0.0402927547693252,427.4094848632813,200.75714111328125,0.0386429578065872,415.55865478515625,195.80923461914065,0.6788823008537292,431.7877502441406,202.25827026367188,0.6134989261627197,394.220458984375,203.0536499023437,0.8966546058654785,432.4977722167969,215.52474975585932,0.9353244304656982,375.6154174804688,222.1653289794922,0.7594398260116577,443.0978088378906,243.66436767578125,0.8792114853858948,382.1066284179688,222.15377807617188,0.6464341878890991,438.19775390625,220.05284118652344,0.7870706915855408,381.1220397949219,244.229248046875,0.9497572183609008,409.44915771484375,249.5678100585937,0.9591527581214904,356.356201171875,297.8673095703125,0.9138230681419371,424.1515197753906,301.74102783203125,0.9285247921943665,329.6839599609375,350.6727905273437,0.8256821632385254,409.6564331054688,353.17431640625,0.8428711891174316
87,424.8150024414063,201.69430541992188,0.0644049122929573,423.5591735839844,198.81771850585932,0.0414697788655757,426.5583190917969,199.6393585205078,0.0373629964888095,415.3870849609375,195.0341186523437,0.6821209192276001,431.8167419433594,201.77569580078125,0.6009717583656311,393.835693359375,202.81427001953125,0.8972254991531372,433.236572265625,215.273178100586,0.930868923664093,375.7094421386719,219.77865600585932,0.7673828601837158,442.9188537597656,242.87628173828125,0.8692916631698608,393.2839965820313,210.86572265625,0.6561369895935059,434.7723388671875,218.7541046142578,0.7732228636741638,380.6151428222656,243.5943298339844,0.950742244720459,409.2568054199219,248.81602478027344,0.9584832191467284,356.6190185546875,297.49395751953125,0.9160914421081544,423.684814453125,301.1400756835937,0.928305447101593,329.5,350.0180969238281,0.8290231227874756,408.2338562011719,352.8275756835937,0.84340500831604
88,422.82080078125,202.10955810546875,0.0663011744618415,421.6225280761719,199.2533721923828,0.0458030961453914,424.8381958007813,200.0438842773437,0.0345414504408836,414.66259765625,195.33970642089844,0.7270459532737732,430.9624328613281,202.03211975097656,0.5961654186248779,393.5032348632813,202.85337829589844,0.8876088261604309,431.982421875,215.2312469482422,0.932612121105194,375.653564453125,220.99371337890625,0.7384086847305298,443.3634948730469,242.10177612304688,0.8757941126823425,386.8175964355469,218.1098480224609,0.6237697005271912,434.8197021484375,216.95298767089844,0.7816281914710999,380.4949951171875,243.0899353027344,0.9473106265068054,408.7789916992188,248.54498291015625,0.958138942718506,356.09912109375,297.0238647460937,0.9124915599822998,423.1441040039063,301.38922119140625,0.9287899732589722,328.9517822265625,349.7803955078125,0.8250231146812439,410.4483947753906,352.744384765625,0.8439827561378479
89,425.3156127929688,202.64889526367188,0.0642162337899208,423.9546508789063,199.7058258056641,0.0404276847839355,426.9450073242188,200.5035095214844,0.0425439700484275,414.0115966796875,194.7503662109375,0.6867185831069946,430.586181640625,201.78797912597656,0.6284629702568054,393.3376159667969,202.40939331054688,0.8886890411376953,431.1192321777344,214.9465484619141,0.9368820786476136,375.7125549316406,221.3985137939453,0.7292113900184631,442.9432373046875,241.71002197265625,0.8826383352279663,385.79345703125,219.0097045898437,0.6095055937767029,435.8062133789063,217.17507934570312,0.7875804305076599,379.4923400878906,244.1712951660156,0.946560561656952,407.8707580566406,249.7508850097656,0.9587801098823548,355.2513732910156,296.2144470214844,0.9098026752471924,424.5513000488281,301.0279541015625,0.9287238121032716,329.87408447265625,346.6878967285156,0.8229396939277649,414.1664733886719,350.2626647949219,0.844504177570343
90,423.164794921875,201.53268432617188,0.0639790073037147,421.8785095214844,198.6798095703125,0.0437492541968822,425.0610961914063,199.4449615478516,0.0374538116157054,414.0090942382813,194.3610382080078,0.7178800702095032,430.3318786621094,201.29733276367188,0.6136505603790283,393.4001159667969,201.984619140625,0.891339123249054,431.0668640136719,215.03453063964844,0.9370933771133424,375.0516357421875,220.9689178466797,0.7421725988388062,442.8195190429688,242.11094665527344,0.8838194608688354,381.6782531738281,221.67990112304688,0.6272796988487244,437.7203979492188,218.845458984375,0.7919647693634033,379.5154724121094,243.89501953125,0.9492117166519164,407.37982177734375,249.69158935546875,0.9603473544120787,355.2369689941406,295.8280944824219,0.9160630106925964,422.5797424316406,301.1158447265625,0.9328007102012634,329.4882202148437,347.60565185546875,0.8345817923545837,406.6998596191406,352.1073608398437,0.8538497686386108
